day,month,Y,ISI,FFMC,X,temp,wind,DMC
-1.42312072650678,0.28422225210633245,0.5698604338121686,-0.8609455677111861,-0.8059594724698989,1.0083127743720461,-1.842640146758736,1.4986144168823812,-1.3233255688310948
1.1767146643200939,0.970871337802472,-0.24400101447758565,-0.5096882687663312,-0.008102033950154875,1.0083127743720461,-0.1532782649268027,-1.741755636812102,-1.1795407723785454
-0.3831865701760305,0.970871337802472,-0.24400101447758565,-0.5096882687663312,-0.008102033950154875,1.0083127743720461,-0.7393834076031878,-1.518281840005586,-1.0498218799267889
-1.42312072650678,0.28422225210633245,1.3837218821019228,-0.004755901533102472,0.19136232567978306,1.4409249771524177,-1.8254017602094303,-0.009833711561602487,-1.2123612150470622
0.1367805079893443,0.28422225210633245,1.3837218821019228,0.126965585571218,-0.24383264078553374,1.4409249771524177,-1.2910117771809617,-1.238939593997441,-0.9310431350312048
0.1367805079893443,-1.0890759192859467,1.3837218821019228,1.2465982259579427,0.300161067296111,1.4409249771524177,0.5707339701440257,0.772324577261204,-0.39966453944569635
-0.9031536483414053,-1.0890759192859467,1.3837218821019228,-0.1145238074533696,0.300161067296111,1.4409249771524177,0.8982633145808294,-0.5126497543762636,-0.3434009234425247
-0.9031536483414053,-1.0890759192859467,1.3837218821019228,0.3684549785958056,0.15509607847433957,1.4409249771524177,-1.8771169198573467,-1.0154657971909247,0.5396252721628055
1.1767146643200939,1.1997543663678518,1.3837218821019228,-0.44382752521417096,0.06443046046073211,1.4409249771524177,-0.9979592058427693,0.772324577261204,0.2911276348154647
-0.3831865701760305,1.1997543663678518,0.5698604338121686,-0.42187394403011763,0.33642731450155444,1.0083127743720461,0.6741642894398586,-0.009833711561602487,-0.3574668274433177
-0.3831865701760305,1.1997543663678518,0.5698604338121686,-0.42187394403011763,0.33642731450155444,1.0083127743720461,-0.18775503802541343,1.7779566628905261,-0.3574668274433177
-0.3831865701760305,1.1997543663678518,0.5698604338121686,2.9809311394981637,0.3908266853097184,1.0083127743720461,0.07082076021416817,-0.009833711561602487,-0.5887728043452448
-1.42312072650678,-1.0890759192859467,0.5698604338121686,-1.8049495586254831,-4.9221785302876775,0.5757005715916745,-0.3256621304198571,1.4986144168823812,-0.6262818816806927
-0.9031536483414053,1.1997543663678518,0.5698604338121686,-0.44382752521417096,0.046297336858011656,0.5757005715916745,0.415588491200277,-1.0154657971909247,0.24424128814615514
1.6966817424854688,1.1997543663678518,0.5698604338121686,0.039151260835004226,0.40895980891244144,0.5757005715916745,1.2947462052148542,0.2695085344465426,0.350517007263257
-1.42312072650678,1.1997543663678518,0.5698604338121686,1.0709695764855154,0.4814923033233259,0.5757005715916745,0.6914026759891637,0.772324577261204,0.4739843868257719
-0.3831865701760305,0.28422225210633245,0.5698604338121686,-0.2681988757417436,0.19136232567978306,0.14308836881130294,-0.6531914748566605,0.772324577261204,-1.1732892594893043
-0.9031536483414053,0.970871337802472,0.5698604338121686,-1.321970772576308,-1.0416900793052777,1.4409249771524177,-0.37737729006777354,0.49298233125305885,-1.2201756061586138
1.6966817424854688,0.28422225210633245,-0.24400101447758565,-0.597502593502545,-0.2619657643882542,0.5757005715916745,-0.5152843824622169,-0.009833711561602487,-1.2967566390518193
-0.3831865701760305,-1.3179589478513267,-0.24400101447758565,-0.8609455677111861,-0.7878263488671784,0.5757005715916745,-1.6530178947163758,0.2695085344465426,-1.3045710301633708
1.1767146643200939,1.1997543663678518,-0.24400101447758565,-0.44382752521417096,0.06443046046073211,0.5757005715916745,-0.10156310527888623,-0.7361235511827796,0.2911276348154647
-0.9031536483414053,1.1997543663678518,-0.24400101447758565,0.039151260835004226,0.20949544928250352,0.14308836881130294,0.03634398711555741,-0.7361235511827796,-0.505940258562798
0.1367805079893443,0.05533922354095257,-0.24400101447758565,10.33538083615606,0.6628235393505407,1.0083127743720461,0.36387333155236057,0.2695085344465426,-0.22774793499156123
-0.3831865701760305,-1.0890759192859467,-0.24400101447758565,-0.6194561746865983,-0.08063452836103929,1.0083127743720461,0.10529753331277893,0.9957983740677198,0.0004322854657454679
-0.3831865701760305,-1.0890759192859467,-0.24400101447758565,2.475998772264935,0.5177585505287694,1.0083127743720461,0.8293097683836074,0.9957983740677198,0.4458525788241864
0.1367805079893443,-1.0890759192859467,-0.24400101447758565,0.34650139741175223,0.1369629548716191,1.0083127743720461,-0.4463308362649951,0.772324577261204,0.49273892549349596
-1.42312072650678,1.1997543663678518,-0.24400101447758565,0.697758696356607,0.318294190898834,1.0083127743720461,0.019105600566251726,0.9957983740677198,0.10983376102746781
-0.9031536483414053,1.1997543663678518,-0.24400101447758565,-0.44382752521417096,0.046297336858011656,1.0083127743720461,0.08805914676347325,-1.518281840005586,0.24424128814615514
-0.3831865701760305,1.1997543663678518,-1.0578624627673399,-0.20233813218958338,0.4996254269260489,0.5757005715916745,1.949804894088461,-0.7361235511827796,0.5396252721628055
0.1367805079893443,1.1997543663678518,-1.0578624627673399,-0.20233813218958338,0.5177585505287694,0.5757005715916745,0.6741642894398586,-0.2333075083681185,0.6005775228329081
-1.42312072650678,1.1997543663678518,-1.0578624627673399,1.510041200166584,0.6628235393505407,0.5757005715916745,1.1223623397217997,-0.2333075083681185,-0.402790295890317
-0.9031536483414053,1.1997543663678518,-1.0578624627673399,-0.42187394403011763,-0.37076450600458466,0.5757005715916745,-1.3254885502795728,2.001430459697042,-0.2980774549955256
-1.42312072650678,1.1997543663678518,-1.0578624627673399,-0.7072704994228122,-0.37076450600458466,0.5757005715916745,0.294919785355139,-1.238939593997441,-0.6434735421261061
0.1367805079893443,1.1997543663678518,-1.0578624627673399,-0.2681988757417436,0.19136232567978306,0.5757005715916745,-0.20499342457471914,-0.2333075083681185,-0.5512637270097973
-0.9031536483414053,1.1997543663678518,-1.0578624627673399,0.039151260835004226,0.20949544928250352,0.5757005715916745,0.3983501046509713,-0.7361235511827796,-0.505940258562798
1.1767146643200939,1.1997543663678518,-1.0578624627673399,-0.597502593502545,-0.06250140475831883,0.5757005715916745,-0.11880149182819193,0.2695085344465426,-0.47155693767197093
1.1767146643200939,0.970871337802472,-1.0578624627673399,-0.5096882687663312,-0.008102033950154875,0.5757005715916745,0.4845420373974985,0.2695085344465426,-1.1795407723785454
-1.42312072650678,0.970871337802472,-0.24400101447758565,-0.0706166450852629,-0.11690077556648279,1.0083127743720461,-1.308250163730267,0.772324577261204,-1.084205200817616
-0.3831865701760305,0.970871337802472,-1.0578624627673399,-0.5096882687663312,-0.008102033950154875,1.0083127743720461,-0.18775503802541343,-0.009833711561602487,-1.0498218799267889
1.1767146643200939,0.28422225210633245,-0.24400101447758565,-1.1463421231038806,-0.4614301240181921,-0.2895238339690686,-0.8255753403497149,-0.7361235511827796,-1.3311399599426463
1.1767146643200939,-0.1735438050244273,-0.24400101447758565,-1.6512744903371093,-2.0208787538522395,-0.2895238339690686,0.7603562221863858,-0.5126497543762636,-0.7856954603563451
-0.3831865701760305,-1.0890759192859467,-0.24400101447758565,-0.02670948271715582,-0.08063452836103929,-0.2895238339690686,-0.08432471872958117,1.4986144168823812,-0.2183706656576992
1.1767146643200939,-1.0890759192859467,-0.24400101447758565,1.7515305931911715,0.7534891573641482,-0.2895238339690686,-0.39461567661707864,0.772324577261204,-0.04020254831432296
-0.3831865701760305,1.1997543663678518,-0.24400101447758565,-0.42187394403011763,0.33642731450155444,-0.2895238339690686,0.12253591986208462,-0.7361235511827796,-0.3574668274433177
1.6966817424854688,1.1997543663678518,-0.24400101447758565,-0.6194561746865983,-0.09876765196376233,-0.2895238339690686,-1.0324359789413802,0.49298233125305885,-0.43717361678114386
1.6966817424854688,1.1997543663678518,1.3837218821019228,1.510041200166584,0.6628235393505407,0.14308836881130294,1.208554272468327,-0.009833711561602487,-0.402790295890317
-0.9031536483414053,1.1997543663678518,1.3837218821019228,-0.44382752521417096,0.046297336858011656,0.14308836881130294,-0.7221450210538823,-0.2333075083681185,0.24424128814615514
-0.9031536483414053,-0.1735438050244273,1.3837218821019228,0.43431572214796604,0.6446904157478203,0.5757005715916745,0.7086410625384694,-0.5126497543762636,-0.7591265305770697
-0.9031536483414053,0.28422225210633245,-0.24400101447758565,-1.0804813795517203,-0.624628236442684,-0.2895238339690686,-1.22205823098374,-1.238939593997441,-1.359271767944232
-0.9031536483414053,0.28422225210633245,-0.24400101447758565,-0.8828991488952395,-0.5520957420317996,-0.2895238339690686,-1.3599653233781837,0.9957983740677198,-0.9169772310304118
0.6567475861547191,1.1997543663678518,-0.24400101447758565,0.039151260835004226,0.40895980891244144,-0.2895238339690686,0.32939655845374977,-1.518281840005586,0.40834350148873866
0.1367805079893443,-1.0890759192859467,-1.0578624627673399,-0.597502593502545,-0.08063452836103929,-0.2895238339690686,0.45006526429888777,-1.0154657971909247,-0.17617295365532076
1.6966817424854688,-1.0890759192859467,-1.0578624627673399,0.126965585571218,0.2638948200906675,-0.2895238339690686,0.26044301225652766,0.49298233125305885,0.0051209201326763805
1.6966817424854688,-1.0890759192859467,-1.0578624627673399,0.126965585571218,0.2638948200906675,-0.2895238339690686,0.26044301225652766,0.49298233125305885,0.0051209201326763805
0.6567475861547191,-1.0890759192859467,-1.0578624627673399,-0.597502593502545,0.19136232567978306,-0.2895238339690686,-0.2222318111240242,-0.2333075083681185,0.05357014502429618
0.6567475861547191,1.1997543663678518,-1.0578624627673399,0.039151260835004226,0.40895980891244144,-0.2895238339690686,1.518845230355825,-1.0154657971909247,0.40834350148873866
1.1767146643200939,1.1997543663678518,-1.0578624627673399,-0.597502593502545,-0.06250140475831883,-0.2895238339690686,-0.18775503802541343,0.49298233125305885,-0.47155693767197093
0.1367805079893443,0.970871337802472,-1.0578624627673399,-0.04866306390120917,0.35456043810427496,-0.2895238339690686,-0.8772904999976311,-0.7361235511827796,-1.0060612897021002
-0.9031536483414053,-0.631309862155187,-1.871723911057094,-1.5195530032327889,-1.2048881917297722,-1.1547482395298116,-0.8600521134483257,0.772324577261204,-1.5874519884015388
-1.42312072650678,-0.631309862155187,-1.871723911057094,-0.8170384053430793,-0.7334269780590145,-1.1547482395298116,-1.1358662982372127,-1.741755636812102,-1.5264997377314362
0.1367805079893443,0.28422225210633245,-1.871723911057094,0.126965585571218,-0.24383264078553374,-1.1547482395298116,-1.2737733906316564,0.9957983740677198,-0.9310431350312048
0.1367805079893443,0.28422225210633245,-1.871723911057094,0.126965585571218,-0.24383264078553374,-1.1547482395298116,-2.308076583589983,1.2751406200758648,-0.9310431350312048
0.6567475861547191,-1.0890759192859467,-1.871723911057094,-0.29015245692579694,0.4270929325151619,-1.1547482395298116,-0.015371172532359034,0.49298233125305885,-0.5559523616767282
0.1367805079893443,-1.0890759192859467,-1.871723911057094,-0.597502593502545,-0.08063452836103929,-1.1547482395298116,0.32939655845374977,-0.7361235511827796,-0.17617295365532076
-0.9031536483414053,-1.0890759192859467,-1.871723911057094,-0.7072704994228122,0.08256358406345257,-1.1547482395298116,0.725879449087775,-0.5126497543762636,-0.11990933765214914
0.6567475861547191,-1.0890759192859467,-1.871723911057094,-0.597502593502545,0.19136232567978306,-1.1547482395298116,-0.049847945630969795,0.2695085344465426,0.05357014502429618
-1.42312072650678,1.1997543663678518,-1.871723911057094,0.697758696356607,0.318294190898834,-1.1547482395298116,0.7086410625384694,0.2695085344465426,0.10983376102746781
-1.42312072650678,1.1997543663678518,-1.871723911057094,0.697758696356607,0.318294190898834,-1.1547482395298116,0.12253591986208462,0.772324577261204,0.10983376102746781
-1.42312072650678,1.1997543663678518,-1.871723911057094,0.697758696356607,0.318294190898834,-1.1547482395298116,0.12253591986208462,1.2751406200758648,0.10983376102746781
-1.42312072650678,0.28422225210633245,0.5698604338121686,-0.004755901533102472,0.19136232567978306,-0.2895238339690686,-0.29118535732124634,0.2695085344465426,-1.2123612150470622
-1.42312072650678,0.28422225210633245,0.5698604338121686,0.7636194399087675,0.10069670766617561,-0.2895238339690686,-0.5325227690115223,2.001430459697042,-0.9779294817005144
-1.42312072650678,1.1997543663678518,0.5698604338121686,1.510041200166584,0.6628235393505407,-0.2895238339690686,-0.20499342457471914,-0.2333075083681185,-0.402790295890317
-1.42312072650678,0.28422225210633245,-0.24400101447758565,-0.004755901533102472,0.19136232567978306,0.14308836881130294,-0.5669995421101334,1.2751406200758648,-1.2123612150470622
1.1767146643200939,-1.0890759192859467,-0.24400101447758565,-0.004755901533102472,-0.3344982587991412,0.14308836881130294,-0.27394697077194063,0.2695085344465426,0.5693199583867017
-1.42312072650678,1.1997543663678518,-0.24400101447758565,1.0709695764855154,0.4814923033233259,0.14308836881130294,1.50160684380652,-1.518281840005586,0.4739843868257719
0.6567475861547191,-0.631309862155187,3.8253062269711857,-0.29015245692579694,-1.1686219445243287,1.8735371799327891,-2.1012159449983177,-0.5126497543762636,-1.626523943959297
-1.42312072650678,-0.631309862155187,3.8253062269711857,-0.8170384053430793,-0.7334269780590145,1.8735371799327891,-0.5497611555608279,-0.5126497543762636,-1.5264997377314362
-0.9031536483414053,0.28422225210633245,-1.0578624627673399,-0.8828991488952395,-0.5520957420317996,-1.5873604423101833,-1.8254017602094303,-0.5126497543762636,-0.9169772310304118
-1.42312072650678,-1.0890759192859467,-1.871723911057094,0.7636194399087675,-0.09876765196376233,-1.5873604423101833,-0.7221450210538823,-0.7361235511827796,-0.04489118298125387
1.1767146643200939,-1.0890759192859467,-1.871723911057094,-0.44382752521417096,0.06443046046073211,-1.5873604423101833,0.4673036508481934,1.4986144168823812,0.16140874236370828
0.1367805079893443,-1.0890759192859467,-1.871723911057094,0.34650139741175223,0.1369629548716191,-1.5873604423101833,0.10529753331277893,1.2751406200758648,0.49273892549349596
0.1367805079893443,-1.0890759192859467,-1.871723911057094,-0.597502593502545,-0.08063452836103929,-1.5873604423101833,-0.17051665147610837,-1.0154657971909247,-0.17617295365532076
1.1767146643200939,-1.0890759192859467,-1.871723911057094,1.7515305931911715,0.7534891573641482,-1.5873604423101833,-0.049847945630969795,0.2695085344465426,-0.04020254831432296
1.6966817424854688,-1.0890759192859467,-1.871723911057094,0.126965585571218,0.2638948200906675,-1.5873604423101833,-0.39461567661707864,-1.741755636812102,0.0051209201326763805
0.6567475861547191,-1.0890759192859467,-1.871723911057094,-0.597502593502545,0.19136232567978306,-1.5873604423101833,0.2259662391579169,-0.2333075083681185,0.05357014502429618
0.6567475861547191,1.1997543663678518,-1.871723911057094,0.039151260835004226,0.40895980891244144,-1.5873604423101833,0.45006526429888777,-1.741755636812102,0.40834350148873866
0.6567475861547191,1.1997543663678518,-1.871723911057094,0.039151260835004226,0.40895980891244144,-1.5873604423101833,1.1223623397217997,-1.0154657971909247,0.40834350148873866
0.6567475861547191,1.1997543663678518,-1.871723911057094,0.039151260835004226,0.40895980891244144,-1.5873604423101833,0.6052107432426365,-1.0154657971909247,0.40834350148873866
0.1367805079893443,1.1997543663678518,-1.871723911057094,-0.20233813218958338,0.5177585505287694,-1.5873604423101833,1.1051239531724946,-0.2333075083681185,0.6005775228329081
-0.3831865701760305,0.28422225210633245,0.5698604338121686,-0.2681988757417436,0.19136232567978306,0.5757005715916745,-0.2567085842226356,0.49298233125305885,-1.1732892594893043
-0.3831865701760305,-1.0890759192859467,0.5698604338121686,-0.02670948271715582,-0.08063452836103929,0.5757005715916745,-0.7221450210538823,0.9957983740677198,-0.2183706656576992
-1.42312072650678,0.28422225210633245,1.3837218821019228,-0.2681988757417436,0.19136232567978306,1.4409249771524177,-0.2567085842226356,0.772324577261204,-1.1732892594893043
0.1367805079893443,-1.0890759192859467,1.3837218821019228,1.2465982259579427,0.300161067296111,1.4409249771524177,0.32939655845374977,1.2751406200758648,-0.39966453944569635
0.1367805079893443,-1.0890759192859467,1.3837218821019228,0.34650139741175223,0.1369629548716191,1.4409249771524177,-0.11880149182819193,0.49298233125305885,0.49273892549349596
-0.9031536483414053,-1.0890759192859467,1.3837218821019228,-0.7072704994228122,0.08256358406345257,1.4409249771524177,0.7775946087356909,-0.7361235511827796,-0.11990933765214914
0.1367805079893443,1.1997543663678518,-0.24400101447758565,-0.9268063112633463,-0.17130014637464674,-0.2895238339690686,-0.18775503802541343,-1.518281840005586,-0.3262092629971113
-0.3831865701760305,-0.631309862155187,-0.24400101447758565,-1.4097850973125217,-1.2230213153324927,-0.7221360367494402,-1.0669127520399913,-1.238939593997441,-1.607769405291573
-0.3831865701760305,0.28422225210633245,-0.24400101447758565,-1.826903139809537,-3.9248567321379957,-0.7221360367494402,-0.2567085842226356,0.772324577261204,-1.6952905857409506
0.1367805079893443,-1.0890759192859467,-0.24400101447758565,0.34650139741175223,0.1369629548716191,-0.7221360367494402,-1.256535004082351,0.2695085344465426,0.49273892549349596
0.1367805079893443,-1.0890759192859467,-0.24400101447758565,0.34650139741175223,0.1369629548716191,-0.7221360367494402,0.15701269296069537,0.772324577261204,0.49273892549349596
0.1367805079893443,-1.0890759192859467,-0.24400101447758565,0.34650139741175223,0.1369629548716191,-0.7221360367494402,0.15701269296069537,0.772324577261204,0.49273892549349596
1.1767146643200939,-1.0890759192859467,-0.24400101447758565,-0.004755901533102472,-0.3344982587991412,-0.7221360367494402,-0.7738601807017985,0.772324577261204,0.5693199583867017
1.1767146643200939,-1.0890759192859467,-0.24400101447758565,1.7515305931911715,0.7534891573641482,-1.1547482395298116,0.20872785260861182,-0.009833711561602487,-0.04020254831432296
-0.3831865701760305,1.1997543663678518,-0.24400101447758565,-0.09257022626931626,0.33642731450155444,-1.1547482395298116,0.8982633145808294,0.2695085344465426,0.15984586414139784
-0.3831865701760305,-0.4024268335898072,-0.24400101447758565,-1.3439243537603613,-1.5494175401814816,-1.1547482395298116,-2.3425533566885934,-0.5126497543762636,-1.6749731688509166
-1.42312072650678,0.28422225210633245,0.5698604338121686,-1.3658779349444148,-0.8603588432780629,-0.2895238339690686,-1.0669127520399913,1.2751406200758648,-1.4280384097258862
0.6567475861547191,0.28422225210633245,0.5698604338121686,-0.3340596192939039,0.1369629548716191,-0.2895238339690686,-0.11880149182819193,-0.5126497543762636,-1.2529960488271306
0.1367805079893443,-1.0890759192859467,0.5698604338121686,-0.597502593502545,-0.08063452836103929,-0.2895238339690686,0.43282687774958206,-0.5126497543762636,-0.17617295365532076
-0.3831865701760305,1.1997543663678518,0.5698604338121686,-0.42187394403011763,0.33642731450155444,-0.2895238339690686,0.2432046257072226,-0.5126497543762636,-0.3574668274433177
-0.9031536483414053,1.1997543663678518,0.5698604338121686,-0.42187394403011763,-0.37076450600458466,-0.2895238339690686,-0.2567085842226356,0.772324577261204,-0.2980774549955256
-1.42312072650678,0.28422225210633245,-0.24400101447758565,-1.3658779349444148,-0.8603588432780629,-0.2895238339690686,-0.8945288865469367,0.9957983740677198,-1.4280384097258862
-1.42312072650678,0.28422225210633245,-0.24400101447758565,-0.004755901533102472,0.19136232567978306,-0.7221360367494402,-0.015371172532359034,0.2695085344465426,-1.2123612150470622
0.1367805079893443,1.1997543663678518,-0.24400101447758565,-0.9268063112633463,-0.17130014637464674,-0.7221360367494402,0.6741642894398586,-0.2333075083681185,-0.3262092629971113
-0.9031536483414053,1.1997543663678518,-0.24400101447758565,0.039151260835004226,0.20949544928250352,-0.7221360367494402,0.0018672140169460397,-0.7361235511827796,-0.505940258562798
1.1767146643200939,0.28422225210633245,-0.24400101447758565,-1.1463421231038806,-0.4614301240181921,-0.7221360367494402,-0.5325227690115223,2.001430459697042,-1.3311399599426463
1.1767146643200939,0.28422225210633245,0.5698604338121686,-1.1463421231038806,-0.4614301240181921,-0.7221360367494402,-0.5842379286594387,1.2751406200758648,-1.3311399599426463
-0.3831865701760305,0.28422225210633245,-0.24400101447758565,-0.2681988757417436,0.19136232567978306,-0.7221360367494402,-1.256535004082351,1.2751406200758648,-1.1732892594893043
-0.3831865701760305,0.28422225210633245,-0.24400101447758565,-0.2681988757417436,0.19136232567978306,-0.7221360367494402,-0.6359530883073552,0.49298233125305885,-1.1732892594893043
-0.9031536483414053,0.28422225210633245,-0.24400101447758565,-0.6194561746865983,-0.09876765196376233,-0.7221360367494402,-1.4289188695754054,-0.009833711561602487,-1.1123370088192017
0.6567475861547191,-1.0890759192859467,-0.24400101447758565,-0.29015245692579694,0.4270929325151619,-0.7221360367494402,0.12253591986208462,-0.5126497543762636,-0.5559523616767282
-0.9031536483414053,-1.0890759192859467,-0.24400101447758565,0.3684549785958056,0.15509607847433957,-0.7221360367494402,-1.4806340292233215,-1.0154657971909247,0.5396252721628055
-0.9031536483414053,-1.0890759192859467,-0.24400101447758565,0.3684549785958056,0.15509607847433957,-0.7221360367494402,-0.30842374387055144,0.772324577261204,0.5396252721628055
0.1367805079893443,1.1997543663678518,-0.24400101447758565,-0.1145238074533696,0.318294190898834,-0.7221360367494402,0.6224491297919421,0.772324577261204,0.20673221081070742
1.1767146643200939,1.1997543663678518,-0.24400101447758565,-1.278063610208201,-1.1323556973188853,-0.7221360367494402,-0.17051665147610837,-0.5126497543762636,-0.5856470479006242
-1.42312072650678,1.1997543663678518,-0.24400101447758565,1.510041200166584,0.6628235393505407,-0.7221360367494402,0.15701269296069537,0.772324577261204,-0.402790295890317
0.1367805079893443,0.970871337802472,-0.24400101447758565,-0.04866306390120917,0.35456043810427496,-0.7221360367494402,0.294919785355139,0.772324577261204,-1.0060612897021002
-0.9031536483414053,0.28422225210633245,0.5698604338121686,-0.8828991488952395,-0.5520957420317996,-0.7221360367494402,-1.7047330543642925,-1.0154657971909247,-0.9169772310304118
-1.42312072650678,1.1997543663678518,0.5698604338121686,-0.20233813218958338,0.5177585505287694,-0.7221360367494402,-0.29118535732124634,-0.5126497543762636,0.6005775228329081
1.6966817424854688,0.970871337802472,0.5698604338121686,-0.8389919865271326,0.1369629548716191,-0.7221360367494402,-0.5152843824622169,-0.2333075083681185,-1.1404688168207875
0.1367805079893443,0.970871337802472,0.5698604338121686,-0.04866306390120917,0.35456043810427496,-1.1547482395298116,-0.6014763152087441,-1.741755636812102,-1.0060612897021002
-0.3831865701760305,-0.631309862155187,1.3837218821019228,-1.8049495586254831,-4.069921720959767,-0.2895238339690686,-0.6014763152087441,-0.7361235511827796,-1.39678084527968
-0.9031536483414053,0.28422225210633245,1.3837218821019228,-1.0804813795517203,-0.624628236442684,-0.2895238339690686,-0.8428137268990203,-0.5126497543762636,-1.359271767944232
0.1367805079893443,0.28422225210633245,1.3837218821019228,0.126965585571218,-0.24383264078553374,-0.2895238339690686,-1.4289188695754054,0.49298233125305885,-0.9310431350312048
0.6567475861547191,1.1997543663678518,1.3837218821019228,1.949112823847652,0.5540247977342129,-0.2895238339690686,-0.2222318111240242,-0.5126497543762636,-0.4684311812273502
1.1767146643200939,0.28422225210633245,0.5698604338121686,-1.1463421231038806,-0.4614301240181921,-0.7221360367494402,-0.6876682479552713,-0.7361235511827796,-1.3311399599426463
-0.3831865701760305,-1.0890759192859467,0.5698604338121686,2.475998772264935,0.5177585505287694,-0.7221360367494402,-0.2222318111240242,0.9957983740677198,0.4458525788241864
0.1367805079893443,1.1997543663678518,1.3837218821019228,-0.1145238074533696,0.318294190898834,-0.7221360367494402,-0.29118535732124634,-1.518281840005586,0.20673221081070742
-0.9031536483414053,1.1997543663678518,1.3837218821019228,-0.44382752521417096,0.046297336858011656,-0.7221360367494402,-0.5669995421101334,-0.5126497543762636,0.24424128814615514
1.1767146643200939,-0.1735438050244273,3.8253062269711857,-1.1243885419198272,-0.8784919668807859,1.8735371799327891,-0.1532782649268027,-0.7361235511827796,-0.9779294817005144
1.1767146643200939,1.1997543663678518,-0.24400101447758565,-0.44382752521417096,0.06443046046073211,-1.5873604423101833,0.4845420373974985,-1.0154657971909247,0.2911276348154647
-0.9031536483414053,1.1997543663678518,0.5698604338121686,-0.44382752521417096,0.046297336858011656,-1.1547482395298116,0.5190188104961093,-1.238939593997441,0.24424128814615514
1.6966817424854688,-1.0890759192859467,-1.871723911057094,0.9172945081971412,0.8804210225831992,-1.5873604423101833,0.7603562221863858,0.2695085344465426,-0.17148431898838962
-1.42312072650678,-1.0890759192859467,1.3837218821019228,0.7636194399087675,-0.09876765196376233,1.4409249771524177,0.3983501046509713,2.7277202993182197,-0.04489118298125387
-0.3831865701760305,-0.1735438050244273,-1.871723911057094,-0.0706166450852629,-0.11690077556648279,-1.5873604423101833,-0.39461567661707864,0.772324577261204,-0.9310431350312048
1.6966817424854688,-1.0890759192859467,0.5698604338121686,0.9172945081971412,0.8804210225831992,-1.1547482395298116,0.846548154932913,0.772324577261204,-0.17148431898838962
0.6567475861547191,-1.0890759192859467,0.5698604338121686,0.3025942350436456,0.8260216517750352,0.5757005715916745,1.4671300707079085,-0.009833711561602487,0.32551095570629157
-0.9031536483414053,0.28422225210633245,-0.24400101447758565,-0.6194561746865983,-0.09876765196376233,0.14308836881130294,-0.980720819293464,0.772324577261204,-1.1123370088192017
1.1767146643200939,1.1997543663678518,-1.0578624627673399,-1.278063610208201,-1.1323556973188853,1.4409249771524177,0.9155017011301345,-0.2333075083681185,-0.5856470479006242
1.1767146643200939,-1.0890759192859467,-1.871723911057094,1.7515305931911715,0.7534891573641482,-1.1547482395298116,-0.2567085842226356,1.4986144168823812,-0.04020254831432296
0.6567475861547191,1.1997543663678518,1.3837218821019228,1.949112823847652,0.5540247977342129,1.4409249771524177,0.8293097683836074,0.2695085344465426,-0.4684311812273502
-1.42312072650678,0.05533922354095257,0.5698604338121686,-0.42187394403011763,0.33642731450155444,0.5757005715916745,0.7431178356370801,0.772324577261204,-0.8513363456933786
0.1367805079893443,-0.1735438050244273,3.8253062269711857,-0.3999203628460641,-0.09876765196376233,1.8735371799327891,1.0189320204259675,-1.0154657971909247,-0.6606652025715196
-0.3831865701760305,-0.1735438050244273,-0.24400101447758565,-0.6194561746865983,-0.09876765196376233,-0.7221360367494402,0.9844552473273567,-1.238939593997441,-0.932606013253515
-1.42312072650678,1.1997543663678518,-0.24400101447758565,1.510041200166584,0.6628235393505407,0.14308836881130294,0.20872785260861182,0.49298233125305885,-0.402790295890317
-0.3831865701760305,1.1997543663678518,0.5698604338121686,-0.20233813218958338,0.4996254269260489,-1.5873604423101833,1.8463745747926288,-0.7361235511827796,0.5396252721628055
0.1367805079893443,-1.0890759192859467,-0.24400101447758565,1.7515305931911715,0.7534891573641482,1.0083127743720461,-0.42909244971569,-1.518281840005586,-0.04020254831432296
-0.3831865701760305,1.1997543663678518,-0.24400101447758565,-0.20233813218958338,0.4996254269260489,-1.1547482395298116,1.6739907092995743,-1.0154657971909247,0.5396252721628055
1.6966817424854688,-1.0890759192859467,-1.871723911057094,0.126965585571218,0.2638948200906675,-1.1547482395298116,-0.08432471872958117,-0.2333075083681185,0.0051209201326763805
1.6966817424854688,-1.0890759192859467,-0.24400101447758565,0.126965585571218,0.2638948200906675,-1.1547482395298116,0.27768139880583337,-0.009833711561602487,0.0051209201326763805
-1.42312072650678,1.1997543663678518,-0.24400101447758565,0.697758696356607,0.318294190898834,1.0083127743720461,0.019105600566251726,0.9957983740677198,0.10983376102746781
-0.9031536483414053,0.28422225210633245,-0.24400101447758565,-0.6194561746865983,-0.09876765196376233,1.0083127743720461,-0.48080760936360584,-0.5126497543762636,-1.1123370088192017
0.6567475861547191,-1.0890759192859467,-0.24400101447758565,0.3025942350436456,0.8260216517750352,0.5757005715916745,0.2432046257072226,-0.009833711561602487,0.32551095570629157
-0.3831865701760305,0.28422225210633245,-1.0578624627673399,-0.2681988757417436,-0.008102033950154875,0.5757005715916745,-0.6359530883073552,2.504246502511703,-0.9497976736989285
-0.3831865701760305,1.1997543663678518,1.3837218821019228,-0.09257022626931626,0.33642731450155444,1.4409249771524177,-0.18775503802541343,-1.238939593997441,0.15984586414139784
0.1367805079893443,1.1997543663678518,0.5698604338121686,-0.9268063112633463,-0.17130014637464674,1.4409249771524177,-0.18775503802541343,-1.0154657971909247,-0.3262092629971113
0.6567475861547191,0.28422225210633245,0.5698604338121686,-1.321970772576308,-1.0416900793052777,0.5757005715916745,-2.3425533566885934,0.2695085344465426,-1.4483558266159204
1.6966817424854688,-1.0890759192859467,0.5698604338121686,0.126965585571218,0.2638948200906675,0.5757005715916745,-0.39461567661707864,-1.741755636812102,0.0051209201326763805
1.6966817424854688,-1.0890759192859467,0.5698604338121686,1.6417626872709044,0.9710866405968066,0.5757005715916745,0.7775946087356909,0.2695085344465426,0.253618557480017
-1.42312072650678,0.28422225210633245,0.5698604338121686,0.7636194399087675,0.10069670766617561,0.5757005715916745,-0.7393834076031878,3.0070625453263644,-0.9779294817005144
0.6567475861547191,-1.0890759192859467,1.3837218821019228,0.3025942350436456,0.8260216517750352,1.4409249771524177,0.3121581719044441,-1.0154657971909247,0.32551095570629157
1.6966817424854688,1.1997543663678518,-0.24400101447758565,0.039151260835004226,0.40895980891244144,0.14308836881130294,0.5190188104961093,-1.238939593997441,0.350517007263257
1.6966817424854688,-1.0890759192859467,1.3837218821019228,-0.5316418499503848,-0.9147582140862294,1.4409249771524177,-0.2567085842226356,-0.009833711561602487,-0.3199577501078699
0.1367805079893443,-1.0890759192859467,-0.24400101447758565,0.34650139741175223,0.1369629548716191,1.0083127743720461,0.20872785260861182,0.772324577261204,0.49273892549349596
-0.9031536483414053,1.1997543663678518,-0.24400101447758565,-0.44382752521417096,0.046297336858011656,-0.2895238339690686,-0.20499342457471914,-1.0154657971909247,0.24424128814615514
-0.3831865701760305,-1.0890759192859467,-0.24400101447758565,-0.02670948271715582,-0.08063452836103929,-1.5873604423101833,-0.8083369538004096,-1.238939593997441,-0.2183706656576992
-0.3831865701760305,-1.0890759192859467,-0.24400101447758565,-0.02670948271715582,-0.08063452836103929,-1.5873604423101833,0.2432046257072226,0.49298233125305885,-0.2183706656576992
0.6567475861547191,-1.3179589478513267,0.5698604338121686,-1.3878315161284682,-1.6582162817978094,0.5757005715916745,-2.2563614239420664,0.9957983740677198,-1.5905777448461595
0.1367805079893443,-1.0890759192859467,0.5698604338121686,-0.597502593502545,-0.08063452836103929,-1.1547482395298116,0.05358237366486249,-0.7361235511827796,-0.17617295365532076
1.6966817424854688,1.1997543663678518,0.5698604338121686,-0.6194561746865983,-0.09876765196376233,-1.1547482395298116,-0.10156310527888623,-1.0154657971909247,-0.43717361678114386
1.1767146643200939,-1.0890759192859467,1.3837218821019228,-0.004755901533102472,-0.3344982587991412,1.4409249771524177,-0.7738601807017985,0.772324577261204,0.5693199583867017
0.1367805079893443,1.1997543663678518,-1.0578624627673399,-0.1145238074533696,0.318294190898834,-1.5873604423101833,0.8637865414822181,1.4986144168823812,0.20673221081070742
-0.9031536483414053,0.970871337802472,1.3837218821019228,-1.321970772576308,-1.0416900793052777,1.4409249771524177,0.03634398711555741,-0.009833711561602487,-1.2201756061586138
0.1367805079893443,-0.631309862155187,-0.24400101447758565,-1.1243885419198272,-0.697160730853571,0.14308836881130294,-1.1186279116879074,-1.0154657971909247,-1.4889906603959888
-0.9031536483414053,0.970871337802472,-0.24400101447758565,0.45626930333201937,0.19136232567978306,1.0083127743720461,-0.36013890351846783,0.2695085344465426,-0.9748037252558938
-1.42312072650678,-1.0890759192859467,1.3837218821019228,1.3344125506941564,0.5902910449396563,1.4409249771524177,0.32939655845374977,0.49298233125305885,0.3880260845987043
1.1767146643200939,1.1997543663678518,0.5698604338121686,-0.44382752521417096,0.06443046046073211,-1.1547482395298116,-0.2222318111240242,-0.5126497543762636,0.2911276348154647
0.1367805079893443,0.28422225210633245,1.3837218821019228,0.126965585571218,-0.24383264078553374,1.4409249771524177,-1.2737733906316564,0.9957983740677198,-0.9310431350312048
-0.9031536483414053,1.1997543663678518,0.5698604338121686,-0.44382752521417096,0.046297336858011656,-1.5873604423101833,0.36387333155236057,-1.0154657971909247,0.24424128814615514
-0.3831865701760305,0.28422225210633245,-0.24400101447758565,-0.24624529455769006,0.02816421325528862,0.5757005715916745,-0.9634824327441583,-1.741755636812102,-1.0779536879283746
0.1367805079893443,0.28422225210633245,-0.24400101447758565,-0.7731312429749724,0.010031089652568161,1.0083127743720461,-1.2737733906316564,-0.009833711561602487,-1.045133245259858
-1.42312072650678,0.28422225210633245,0.5698604338121686,0.7636194399087675,0.10069670766617561,0.5757005715916745,-1.2392966175330455,-0.009833711561602487,-0.9779294817005144
0.6567475861547191,-1.0890759192859467,0.5698604338121686,0.3025942350436456,0.8260216517750352,-1.1547482395298116,0.9155017011301345,-0.7361235511827796,0.32551095570629157
1.1767146643200939,-1.0890759192859467,-1.871723911057094,1.7515305931911715,0.7534891573641482,-1.1547482395298116,0.9844552473273567,0.2695085344465426,-0.04020254831432296
1.6966817424854688,1.1997543663678518,0.5698604338121686,0.039151260835004226,0.40895980891244144,-0.2895238339690686,0.9327400876794403,-0.009833711561602487,0.350517007263257
1.1767146643200939,-1.0890759192859467,-1.871723911057094,1.7515305931911715,0.7534891573641482,-1.1547482395298116,0.9844552473273567,0.2695085344465426,-0.04020254831432296
-1.42312072650678,-1.0890759192859467,0.5698604338121686,1.3344125506941564,0.5902910449396563,-1.1547482395298116,0.7948329952849966,0.772324577261204,0.3880260845987043
0.6567475861547191,-1.3179589478513267,0.5698604338121686,-1.3878315161284682,-1.6582162817978094,0.5757005715916745,-2.2563614239420664,0.9957983740677198,-1.5905777448461595
0.6567475861547191,1.1997543663678518,0.5698604338121686,0.039151260835004226,0.40895980891244144,-0.2895238339690686,0.45006526429888777,-1.741755636812102,0.40834350148873866
1.1767146643200939,1.1997543663678518,-0.24400101447758565,-0.44382752521417096,0.06443046046073211,-0.7221360367494402,-0.8600521134483257,1.2751406200758648,0.2911276348154647
-0.9031536483414053,1.1997543663678518,-0.24400101447758565,-1.8049495586254831,-4.9221785302876775,-1.1547482395298116,0.6396875163412479,-0.2333075083681185,-0.6262818816806927
1.1767146643200939,1.1997543663678518,0.5698604338121686,-0.44382752521417096,0.06443046046073211,-1.5873604423101833,0.4673036508481934,-1.0154657971909247,0.2911276348154647
0.1367805079893443,0.28422225210633245,0.5698604338121686,-0.3999203628460641,-0.09876765196376233,0.5757005715916745,-1.1186279116879074,-0.2333075083681185,-1.1451574514877185
0.1367805079893443,-0.631309862155187,-0.24400101447758565,-1.5195530032327889,-1.2230213153324927,1.0083127743720461,-1.739209827462903,-1.0154657971909247,-1.5968292577354006
1.6966817424854688,0.970871337802472,1.3837218821019228,-0.8389919865271326,0.1369629548716191,1.4409249771524177,0.2259662391579169,-0.7361235511827796,-1.1404688168207875
-0.3831865701760305,0.28422225210633245,1.3837218821019228,-0.2681988757417436,-0.008102033950154875,0.14308836881130294,-0.6531914748566605,-0.009833711561602487,-0.9497976736989285
0.6567475861547191,1.1997543663678518,0.5698604338121686,0.039151260835004226,0.40895980891244144,-0.2895238339690686,0.5534955835947206,-1.238939593997441,0.40834350148873866
-0.3831865701760305,-1.0890759192859467,-1.871723911057094,2.475998772264935,0.5177585505287694,-1.1547482395298116,0.6914026759891637,1.7779566628905261,0.4458525788241864
1.1767146643200939,1.1997543663678518,0.5698604338121686,-0.44382752521417096,0.06443046046073211,1.0083127743720461,0.3121581719044441,-1.0154657971909247,0.2911276348154647
-1.42312072650678,1.1997543663678518,0.5698604338121686,0.697758696356607,0.318294190898834,0.5757005715916745,0.12253591986208462,1.2751406200758648,0.10983376102746781
0.6567475861547191,1.1997543663678518,-1.0578624627673399,1.949112823847652,0.5540247977342129,1.4409249771524177,0.7431178356370801,0.49298233125305885,-0.4684311812273502
-0.3831865701760305,0.970871337802472,-0.24400101447758565,-0.5096882687663312,-0.008102033950154875,-0.2895238339690686,-0.08432471872958117,-0.5126497543762636,-1.0498218799267889
-0.3831865701760305,-1.0890759192859467,-0.24400101447758565,2.475998772264935,0.5177585505287694,1.0083127743720461,-2.3770301297872045,0.9957983740677198,0.4458525788241864
-1.42312072650678,1.1997543663678518,-0.24400101447758565,1.510041200166584,0.6628235393505407,1.0083127743720461,0.20872785260861182,0.49298233125305885,-0.402790295890317
-0.9031536483414053,0.28422225210633245,-1.0578624627673399,-0.8828991488952395,-0.5520957420317996,1.0083127743720461,-1.3599653233781837,0.9957983740677198,-0.9169772310304118
-0.3831865701760305,0.28422225210633245,-0.24400101447758565,-0.2681988757417436,0.19136232567978306,-0.2895238339690686,-0.3256621304198571,0.49298233125305885,-1.1732892594893043
-0.3831865701760305,0.28422225210633245,-0.24400101447758565,-0.2681988757417436,0.19136232567978306,-0.2895238339690686,-0.3256621304198571,0.49298233125305885,-1.1732892594893043
0.1367805079893443,1.1997543663678518,-0.24400101447758565,-0.1145238074533696,0.318294190898834,-0.2895238339690686,-0.3429005169691628,-1.518281840005586,0.20673221081070742
-0.9031536483414053,1.1997543663678518,-1.0578624627673399,-0.42187394403011763,-0.37076450600458466,-1.5873604423101833,-1.1186279116879074,1.2751406200758648,-0.2980774549955256
1.6966817424854688,1.1997543663678518,0.5698604338121686,0.039151260835004226,0.40895980891244144,-0.2895238339690686,0.08805914676347325,-1.518281840005586,0.350517007263257
-0.9031536483414053,0.28422225210633245,0.5698604338121686,-0.6194561746865983,-0.09876765196376233,0.5757005715916745,-0.6359530883073552,-0.5126497543762636,-1.1123370088192017
0.1367805079893443,-1.0890759192859467,1.3837218821019228,-0.597502593502545,-0.08063452836103929,1.4409249771524177,-0.46356922281430074,-0.5126497543762636,-0.17617295365532076
-1.42312072650678,1.1997543663678518,-0.24400101447758565,1.0709695764855154,0.4814923033233259,-0.7221360367494402,-0.049847945630969795,-0.2333075083681185,0.4739843868257719
-0.9031536483414053,0.28422225210633245,-1.0578624627673399,-0.8828991488952395,-0.5520957420317996,-0.2895238339690686,-1.3599653233781837,0.9957983740677198,-0.9169772310304118
-1.42312072650678,-0.1735438050244273,-1.871723911057094,-0.4877346875822779,-0.42516387681274864,-1.1547482395298116,-0.9462440461948529,-0.2333075083681185,0.6162063050560113
1.6966817424854688,1.1997543663678518,-0.24400101447758565,-0.6194561746865983,-0.09876765196376233,1.0083127743720461,-0.6014763152087441,0.2695085344465426,-0.43717361678114386
0.1367805079893443,1.1997543663678518,-0.24400101447758565,-0.20233813218958338,0.5177585505287694,-0.2895238339690686,0.6914026759891637,0.49298233125305885,0.6005775228329081
-0.9031536483414053,0.970871337802472,0.5698604338121686,0.45626930333201937,0.19136232567978306,1.0083127743720461,-0.48080760936360584,-0.009833711561602487,-0.9748037252558938
-0.3831865701760305,-1.0890759192859467,1.3837218821019228,0.6318979528044469,0.2820279436933905,1.4409249771524177,0.20872785260861182,0.2695085344465426,-0.4543652772265575
0.1367805079893443,1.1997543663678518,1.3837218821019228,-0.20233813218958338,0.5177585505287694,-0.2895238339690686,1.6222755496516579,-0.5126497543762636,0.6005775228329081
-0.3831865701760305,-1.0890759192859467,1.3837218821019228,0.6318979528044469,0.2820279436933905,1.4409249771524177,-0.42909244971569,-0.009833711561602487,-0.4543652772265575
1.6966817424854688,1.1997543663678518,-0.24400101447758565,0.039151260835004226,0.40895980891244144,-0.2895238339690686,1.2947462052148542,0.2695085344465426,0.350517007263257
0.1367805079893443,1.1997543663678518,0.5698604338121686,-0.20233813218958338,0.5177585505287694,-1.5873604423101833,1.5360836169051306,-0.5126497543762636,0.6005775228329081
1.1767146643200939,1.1997543663678518,-0.24400101447758565,-0.44382752521417096,0.06443046046073211,0.5757005715916745,-0.03260955908166472,-0.7361235511827796,0.2911276348154647
1.1767146643200939,1.1997543663678518,-0.24400101447758565,-1.278063610208201,-1.1323556973188853,1.8735371799327891,0.9327400876794403,-0.5126497543762636,-0.5856470479006242
-0.3831865701760305,1.1997543663678518,0.5698604338121686,-0.09257022626931626,0.33642731450155444,-0.2895238339690686,-0.20499342457471914,-0.5126497543762636,0.15984586414139784
0.1367805079893443,-1.0890759192859467,1.3837218821019228,0.34650139741175223,0.1369629548716191,1.4409249771524177,0.12253591986208462,0.9957983740677198,0.49273892549349596
-0.3831865701760305,1.1997543663678518,-1.871723911057094,-0.09257022626931626,0.33642731450155444,-1.1547482395298116,-0.11880149182819193,-1.238939593997441,0.15984586414139784
1.1767146643200939,1.1997543663678518,-1.871723911057094,-0.44382752521417096,0.06443046046073211,-1.5873604423101833,-0.015371172532359034,-1.0154657971909247,0.2911276348154647
-0.3831865701760305,1.1997543663678518,0.5698604338121686,-0.09257022626931626,0.33642731450155444,0.5757005715916745,1.070647180073884,-0.009833711561602487,0.15984586414139784
0.1367805079893443,-1.3179589478513267,0.5698604338121686,-1.212202866656041,-1.5856837873869225,1.0083127743720461,-0.9462440461948529,-1.238939593997441,-1.685913316407089
1.6966817424854688,-1.3179589478513267,-1.0578624627673399,-1.1463421231038806,-0.47956324762091257,0.5757005715916745,-0.6359530883073552,-0.7361235511827796,-1.4639846088390236
-1.42312072650678,-1.3179589478513267,-0.24400101447758565,-1.475645840864682,-1.386219427756987,-0.2895238339690686,-0.37737729006777354,-0.5126497543762636,-1.3686490372780942
0.1367805079893443,-1.0890759192859467,-0.24400101447758565,0.8514337646449812,0.6446904157478203,-1.1547482395298116,-0.6014763152087441,-0.009833711561602487,0.1786004028091217
0.1367805079893443,-1.0890759192859467,-0.24400101447758565,1.0490159953014622,0.20949544928250352,1.0083127743720461,0.5190188104961093,2.001430459697042,1.0038001041889701
0.1367805079893443,-1.0890759192859467,-0.24400101447758565,1.0490159953014622,0.20949544928250352,-1.1547482395298116,0.6052107432426365,2.001430459697042,1.0038001041889701
0.1367805079893443,-1.0890759192859467,-0.24400101447758565,1.0490159953014622,0.20949544928250352,-0.7221360367494402,1.3636997514120763,1.2751406200758648,1.0038001041889701
0.1367805079893443,-1.0890759192859467,-0.24400101447758565,1.0490159953014622,0.20949544928250352,0.14308836881130294,1.174077499369716,0.772324577261204,1.0038001041889701
1.6966817424854688,-1.0890759192859467,-0.24400101447758565,0.126965585571218,0.2820279436933905,-1.1547482395298116,0.3121581719044441,-1.0154657971909247,-0.3012032114401463
1.6966817424854688,-1.0890759192859467,1.3837218821019228,0.9831552517493016,0.4452260561178824,1.4409249771524177,1.6912290958488794,-0.7361235511827796,0.7256077806177336
1.6966817424854688,-1.0890759192859467,-0.24400101447758565,0.9831552517493016,0.4452260561178824,-0.7221360367494402,0.4845420373974985,-2.0210978828202473,0.7256077806177336
1.6966817424854688,-1.0890759192859467,0.5698604338121686,0.9831552517493016,0.4452260561178824,1.4409249771524177,1.3636997514120763,-0.5126497543762636,0.7256077806177336
1.6966817424854688,-1.0890759192859467,0.5698604338121686,0.9831552517493016,0.4452260561178824,1.4409249771524177,0.8810249280315238,-0.5126497543762636,0.7256077806177336
1.6966817424854688,-1.0890759192859467,0.5698604338121686,0.9831552517493016,0.4452260561178824,0.5757005715916745,0.5534955835947206,-0.2333075083681185,0.7256077806177336
0.6567475861547191,-1.0890759192859467,-0.24400101447758565,-0.22429171337363674,0.22762857288522656,1.0083127743720461,0.43282687774958206,-0.7361235511827796,-0.02613664431353
0.6567475861547191,-1.0890759192859467,-1.0578624627673399,-0.597502593502545,0.17322920207706002,0.5757005715916745,0.0018672140169460397,-0.5126497543762636,0.4255351619341521
0.6567475861547191,-1.0890759192859467,0.5698604338121686,-0.8828991488952395,-0.57022886563452,-1.1547482395298116,0.5879723566933314,-0.009833711561602487,-0.5293834318974527
-0.3831865701760305,-1.0890759192859467,1.3837218821019228,0.43431572214796604,0.6446904157478203,1.4409249771524177,0.8637865414822181,-1.0154657971909247,0.09889361347129552
-0.3831865701760305,-1.0890759192859467,-1.0578624627673399,0.43431572214796604,0.6446904157478203,-0.2895238339690686,0.43282687774958206,-0.7361235511827796,0.09889361347129552
-0.3831865701760305,-1.0890759192859467,-0.24400101447758565,1.0270624141174083,0.20949544928250352,-0.7221360367494402,0.294919785355139,-1.741755636812102,0.9381592188519369
-0.3831865701760305,-1.0890759192859467,-0.24400101447758565,1.0270624141174083,0.20949544928250352,1.0083127743720461,0.8293097683836074,-1.238939593997441,0.9381592188519369
-0.9031536483414053,-1.0890759192859467,-0.24400101447758565,1.1807374824057826,0.5358916741314899,-1.1547482395298116,1.6222755496516579,-0.009833711561602487,-0.202741883434596
-1.42312072650678,-1.0890759192859467,-0.24400101447758565,-0.02670948271715582,0.17322920207706002,-0.7221360367494402,-1.3254885502795728,2.001430459697042,0.023875458800400255
-1.42312072650678,-1.0890759192859467,-0.24400101447758565,-0.02670948271715582,0.17322920207706002,-1.1547482395298116,0.43282687774958206,-0.5126497543762636,0.023875458800400255
-1.42312072650678,-1.0890759192859467,-1.0578624627673399,-0.42187394403011763,0.08256358406345257,0.5757005715916745,0.07082076021416817,-0.2333075083681185,0.47242150860346166
-1.42312072650678,-1.0890759192859467,-0.24400101447758565,0.8733873458290345,0.6628235393505407,-0.2895238339690686,0.5017804239468042,-0.5126497543762636,0.8865842375156961
1.1767146643200939,-1.0890759192859467,-0.24400101447758565,1.2246446447738892,0.5540247977342129,-0.2895238339690686,0.5534955835947206,2.001430459697042,-0.13553811987525233
1.1767146643200939,-1.0890759192859467,0.5698604338121686,3.0028847206822165,0.6628235393505407,0.5757005715916745,0.08805914676347325,-0.009833711561602487,0.32551095570629157
1.1767146643200939,-1.0890759192859467,-1.871723911057094,1.1587839012217291,0.2638948200906675,-1.1547482395298116,0.8293097683836074,-0.5126497543762636,0.6521525041691484
1.1767146643200939,-1.0890759192859467,-0.24400101447758565,1.1587839012217291,0.2638948200906675,-0.7221360367494402,0.36387333155236057,-0.5126497543762636,0.6521525041691484
1.1767146643200939,-1.0890759192859467,-0.24400101447758565,1.1587839012217291,0.2638948200906675,-0.2895238339690686,0.03634398711555741,-0.7361235511827796,0.6521525041691484
1.1767146643200939,-1.0890759192859467,-1.871723911057094,1.1587839012217291,0.2638948200906675,-1.1547482395298116,0.5017804239468042,-0.5126497543762636,0.6521525041691484
1.1767146643200939,-1.0890759192859467,1.3837218821019228,1.1587839012217291,0.2638948200906675,1.4409249771524177,0.20872785260861182,0.2695085344465426,0.6521525041691484
1.1767146643200939,-1.0890759192859467,0.5698604338121686,1.1587839012217291,0.2638948200906675,-1.1547482395298116,0.2259662391579169,-0.009833711561602487,0.6521525041691484
0.1367805079893443,-0.8601928907205669,1.3837218821019228,-0.4877346875822779,-1.1323556973188853,-0.2895238339690686,-2.428745289435121,2.504246502511703,-1.3076967866079916
1.6966817424854688,-0.8601928907205669,1.3837218821019228,-0.8170384053430793,-1.2048881917297722,1.4409249771524177,-2.3770301297872045,2.2249042565035584,-1.2983195172741298
0.6567475861547191,-0.8601928907205669,1.3837218821019228,-1.5415065844168423,-1.0960894501134444,-0.2895238339690686,-2.3770301297872045,0.49298233125305885,-1.3201998123864742
-0.9031536483414053,-0.8601928907205669,-0.24400101447758565,-1.4097850973125217,-0.9510244612916703,-0.2895238339690686,-2.463222062533732,2.504246502511703,-1.3358285946095774
-0.9031536483414053,-0.8601928907205669,-0.24400101447758565,-1.4097850973125217,-0.9510244612916703,-0.7221360367494402,-2.463222062533732,2.504246502511703,-1.3358285946095774
-0.9031536483414053,-0.8601928907205669,-0.24400101447758565,-1.4097850973125217,-0.9510244612916703,-0.2895238339690686,-2.463222062533732,2.504246502511703,-1.3358285946095774
-0.9031536483414053,-0.8601928907205669,-0.24400101447758565,-1.4097850973125217,-0.9510244612916703,-0.2895238339690686,-2.463222062533732,2.504246502511703,-1.3358285946095774
-1.42312072650678,-0.8601928907205669,1.3837218821019228,-1.0804813795517203,-1.0779563265107213,-0.2895238339690686,-2.8769433397170627,0.49298233125305885,-1.3155111777195432
1.1767146643200939,-0.8601928907205669,0.5698604338121686,-1.4097850973125217,-0.9510244612916703,0.5757005715916745,-2.3770301297872045,2.504246502511703,-1.3358285946095774
0.1367805079893443,-0.631309862155187,-1.0578624627673399,-1.2341564478400942,-1.0416900793052777,0.5757005715916745,-2.5321756087309537,-0.009833711561602487,-1.3030081519410608
1.6966817424854688,-0.631309862155187,-0.24400101447758565,-1.278063610208201,-0.679027607250848,-0.7221360367494402,-1.739209827462903,-0.5126497543762636,-1.6296497004039174
-1.42312072650678,-0.631309862155187,-0.24400101447758565,-0.597502593502545,-0.9872907084971138,0.14308836881130294,-1.963308852603874,2.2249042565035584,-1.6562186301831927
0.1367805079893443,-0.1735438050244273,0.5698604338121686,0.7197122775406607,0.5902910449396563,-1.1547482395298116,0.7775946087356909,1.2751406200758648,0.9194046801842128
1.6966817424854688,-0.1735438050244273,1.3837218821019228,0.7636194399087675,0.10069670766617561,1.0083127743720461,-1.0841511385892966,2.001430459697042,1.1288303619737956
-0.3831865701760305,-0.1735438050244273,-0.24400101447758565,-0.004755901533102472,0.17322920207706002,1.0083127743720461,0.5534955835947206,-0.7361235511827796,-0.10428055542904595
-0.3831865701760305,-0.1735438050244273,-0.24400101447758565,-0.004755901533102472,0.17322920207706002,1.0083127743720461,0.9155017011301345,-1.238939593997441,-0.10428055542904595
-0.3831865701760305,-0.1735438050244273,-0.24400101447758565,-0.004755901533102472,0.17322920207706002,1.0083127743720461,0.9327400876794403,-1.238939593997441,-0.10428055542904595
-0.3831865701760305,-0.1735438050244273,0.5698604338121686,-0.004755901533102472,0.17322920207706002,-1.1547482395298116,-0.03260955908166472,-1.238939593997441,-0.10428055542904595
-0.3831865701760305,-0.1735438050244273,-0.24400101447758565,-0.004755901533102472,0.17322920207706002,1.8735371799327891,1.1051239531724946,-1.741755636812102,-0.10428055542904595
-1.42312072650678,-0.1735438050244273,0.5698604338121686,-0.597502593502545,0.17322920207706002,-0.2895238339690686,0.6914026759891637,-1.518281840005586,-0.16679568432145872
1.1767146643200939,-0.1735438050244273,1.3837218821019228,0.43431572214796604,0.4452260561178824,1.0083127743720461,1.3809381379613814,0.772324577261204,1.0866326499714172
1.1767146643200939,-0.1735438050244273,1.3837218821019228,-0.1145238074533696,0.300161067296111,1.4409249771524177,-0.30842374387055144,-0.2333075083681185,-0.3449638016648352
0.1367805079893443,0.05533922354095257,0.5698604338121686,0.43431572214796604,0.4452260561178824,1.0083127743720461,0.5707339701440257,-1.518281840005586,1.0866326499714172
0.1367805079893443,0.05533922354095257,-0.24400101447758565,-0.5755490123184914,-0.044368281155595796,0.5757005715916745,-0.7910985672511038,-1.238939593997441,-0.3340236541086629
0.1367805079893443,0.05533922354095257,1.3837218821019228,-0.5755490123184914,-0.044368281155595796,1.4409249771524177,-0.6014763152087441,-1.0154657971909247,-0.3340236541086629
1.6966817424854688,0.05533922354095257,1.3837218821019228,0.8075266022768741,0.10069670766617561,1.4409249771524177,0.12253591986208462,0.49298233125305885,0.5771343494982533
-0.3831865701760305,0.05533922354095257,0.5698604338121686,-1.8927638833616969,-6.753624014162549,0.5757005715916745,-1.4289188695754054,-0.7361235511827796,-0.6231561252360719
-0.9031536483414053,0.05533922354095257,0.5698604338121686,-0.3340596192939039,-0.044368281155595796,0.5757005715916745,0.3121581719044441,0.49298233125305885,-0.27463428166087084
-0.9031536483414053,0.05533922354095257,0.5698604338121686,-0.3340596192939039,-0.044368281155595796,0.5757005715916745,0.03634398711555741,0.772324577261204,-0.27463428166087084
-1.42312072650678,0.05533922354095257,1.3837218821019228,-0.42187394403011763,0.08256358406345257,-0.7221360367494402,0.05358237366486249,0.2695085344465426,-0.26213125588238834
-1.42312072650678,0.05533922354095257,1.3837218821019228,-0.42187394403011763,0.08256358406345257,-0.7221360367494402,0.05358237366486249,0.2695085344465426,-0.26213125588238834
-0.3831865701760305,0.5131052806717123,0.5698604338121686,-1.212202866656041,-1.0054238320998368,0.5757005715916745,-1.308250163730267,0.49298233125305885,-1.2951937608295092
0.1367805079893443,1.1997543663678518,-0.24400101447758565,-0.7292240806068655,-0.18943326997736978,-1.5873604423101833,0.019105600566251726,-1.0154657971909247,-0.4184190781134202
0.1367805079893443,1.1997543663678518,-0.24400101447758565,-0.7292240806068655,-0.18943326997736978,1.0083127743720461,-0.30842374387055144,0.772324577261204,-0.4184190781134202
0.1367805079893443,1.1997543663678518,-0.24400101447758565,-0.7292240806068655,-0.18943326997736978,-0.7221360367494402,0.846548154932913,-0.2333075083681185,-0.4184190781134202
0.1367805079893443,1.1997543663678518,-0.24400101447758565,0.19282632912337844,0.318294190898834,-1.1547482395298116,-0.4980459959129115,-1.238939593997441,-0.07927450387208093
0.1367805079893443,1.1997543663678518,-0.24400101447758565,0.19282632912337844,0.318294190898834,-1.1547482395298116,1.0361704069752724,-1.0154657971909247,-0.07927450387208093
0.1367805079893443,1.1997543663678518,-0.24400101447758565,0.19282632912337844,0.318294190898834,1.0083127743720461,1.1051239531724946,-0.7361235511827796,-0.07927450387208093
0.1367805079893443,1.1997543663678518,-1.0578624627673399,0.19282632912337844,0.318294190898834,0.5757005715916745,1.0189320204259675,-1.238939593997441,-0.07927450387208093
0.1367805079893443,1.1997543663678518,-0.24400101447758565,-1.8927638833616969,-7.297617722244193,-1.1547482395298116,-1.1531046847865183,1.2751406200758648,-1.010749924369031
1.6966817424854688,1.1997543663678518,0.5698604338121686,-0.04866306390120917,0.35456043810427496,0.5757005715916745,0.9327400876794403,0.49298233125305885,0.07076180546970982
1.6966817424854688,1.1997543663678518,-0.24400101447758565,-0.04866306390120917,0.35456043810427496,-0.2895238339690686,0.1397743064113897,-1.238939593997441,0.07076180546970982
1.6966817424854688,1.1997543663678518,-0.24400101447758565,-0.3999203628460641,0.10069670766617561,-0.7221360367494402,-0.06708633218027547,-0.7361235511827796,0.37239730237560115
0.6567475861547191,1.1997543663678518,0.5698604338121686,-0.09257022626931626,0.318294190898834,-0.2895238339690686,-0.049847945630969795,0.9957983740677198,-0.22931081321387148
0.6567475861547191,1.1997543663678518,-0.24400101447758565,-0.09257022626931626,0.318294190898834,-0.2895238339690686,0.05358237366486249,0.49298233125305885,-0.22931081321387148
0.6567475861547191,1.1997543663678518,0.5698604338121686,-0.3340596192939039,0.3908266853097184,0.5757005715916745,0.4673036508481934,-1.0154657971909247,0.12702542147288123
0.6567475861547191,1.1997543663678518,-0.24400101447758565,-0.3340596192939039,0.3908266853097184,0.14308836881130294,0.4673036508481934,1.2751406200758648,0.12702542147288123
0.6567475861547191,1.1997543663678518,-1.0578624627673399,-0.3340596192939039,0.3908266853097184,0.5757005715916745,0.0018672140169460397,1.7779566628905261,0.12702542147288123
0.6567475861547191,1.1997543663678518,-0.24400101447758565,-0.3340596192939039,0.3908266853097184,-1.5873604423101833,-0.36013890351846783,-0.009833711561602487,0.12702542147288123
0.6567475861547191,1.1997543663678518,0.5698604338121686,-0.3340596192939039,0.3908266853097184,0.5757005715916745,-0.36013890351846783,-0.009833711561602487,0.12702542147288123
0.6567475861547191,1.1997543663678518,0.5698604338121686,-0.4877346875822779,0.010031089652568161,-0.7221360367494402,-1.0324359789413802,-0.7361235511827796,0.40678062326642844
0.6567475861547191,1.1997543663678518,0.5698604338121686,-0.7950848241590257,-0.4614301240181921,0.5757005715916745,-0.8945288865469367,-1.238939593997441,-0.8997855705849984
-0.3831865701760305,1.1997543663678518,-0.24400101447758565,-0.13647738863742295,0.2820279436933905,-1.5873604423101833,0.9155017011301345,-0.5126497543762636,-0.1339752416529421
-0.3831865701760305,1.1997543663678518,-0.24400101447758565,-0.13647738863742295,0.2820279436933905,0.14308836881130294,0.8982633145808294,-0.5126497543762636,-0.1339752416529421
-0.3831865701760305,1.1997543663678518,0.5698604338121686,-0.13647738863742295,0.2820279436933905,0.5757005715916745,0.3983501046509713,-1.0154657971909247,-0.1339752416529421
-0.3831865701760305,1.1997543663678518,0.5698604338121686,-0.13647738863742295,0.2820279436933905,0.5757005715916745,0.1397743064113897,-1.238939593997441,-0.1339752416529421
-0.3831865701760305,1.1997543663678518,-1.0578624627673399,-0.13647738863742295,0.2820279436933905,-0.2895238339690686,0.7948329952849966,-0.009833711561602487,-0.1339752416529421
-0.3831865701760305,1.1997543663678518,-1.0578624627673399,-0.13647738863742295,0.2820279436933905,-0.7221360367494402,0.9155017011301345,-0.5126497543762636,-0.1339752416529421
-0.3831865701760305,1.1997543663678518,-0.24400101447758565,-0.1145238074533696,0.10069670766617561,1.0083127743720461,0.45006526429888777,0.2695085344465426,0.21142084547763854
-0.3831865701760305,1.1997543663678518,-0.24400101447758565,-0.1145238074533696,0.10069670766617561,-0.2895238339690686,-0.30842374387055144,-1.0154657971909247,0.21142084547763854
-0.9031536483414053,1.1997543663678518,-0.24400101447758565,0.10501200438716465,0.2638948200906675,-1.5873604423101833,-0.136039878377497,-0.5126497543762636,-0.36215546211024857
-0.9031536483414053,1.1997543663678518,-1.0578624627673399,-0.6194561746865983,0.17322920207706002,-1.1547482395298116,-0.1532782649268027,0.772324577261204,-0.03863967009201251
-0.9031536483414053,1.1997543663678518,-1.0578624627673399,-0.6194561746865983,0.17322920207706002,-0.2895238339690686,-1.5668259619698488,-1.238939593997441,-0.03863967009201251
-0.9031536483414053,1.1997543663678518,-0.24400101447758565,-0.6194561746865983,0.17322920207706002,1.0083127743720461,0.07082076021416817,-1.0154657971909247,-0.03863967009201251
-0.9031536483414053,1.1997543663678518,-1.0578624627673399,-0.6194561746865983,0.17322920207706002,0.5757005715916745,0.7086410625384694,-1.0154657971909247,-0.03863967009201251
-0.9031536483414053,1.1997543663678518,1.3837218821019228,-0.6194561746865983,0.17322920207706002,1.4409249771524177,0.656925902890553,-1.0154657971909247,-0.03863967009201251
-0.9031536483414053,1.1997543663678518,-0.24400101447758565,-0.6194561746865983,0.17322920207706002,-1.1547482395298116,0.26044301225652766,-1.238939593997441,-0.03863967009201251
-0.9031536483414053,1.1997543663678518,0.5698604338121686,-0.6194561746865983,0.17322920207706002,-1.1547482395298116,0.07082076021416817,-1.0154657971909247,-0.03863967009201251
-0.9031536483414053,1.1997543663678518,1.3837218821019228,-0.5535954311344381,0.22762857288522656,1.4409249771524177,-0.5497611555608279,-1.0154657971909247,0.012935311244227976
-0.9031536483414053,1.1997543663678518,-1.0578624627673399,-0.3340596192939039,0.15509607847433957,0.5757005715916745,0.294919785355139,-1.238939593997441,0.30050490414932657
-0.9031536483414053,1.1997543663678518,1.3837218821019228,-0.3340596192939039,0.15509607847433957,1.4409249771524177,-0.5152843824622169,0.2695085344465426,0.30050490414932657
-0.9031536483414053,1.1997543663678518,-1.0578624627673399,-0.3340596192939039,0.15509607847433957,0.5757005715916745,-1.1531046847865183,0.49298233125305885,0.30050490414932657
-0.9031536483414053,1.1997543663678518,-1.871723911057094,-0.3340596192939039,0.15509607847433957,-1.1547482395298116,-0.36013890351846783,-0.5126497543762636,0.30050490414932657
-0.9031536483414053,1.1997543663678518,-0.24400101447758565,-0.3340596192939039,0.15509607847433957,-1.5873604423101833,0.415588491200277,-1.0154657971909247,0.30050490414932657
-1.42312072650678,1.1997543663678518,-0.24400101447758565,0.126965585571218,0.2638948200906675,0.14308836881130294,-1.5151108023219326,-0.2333075083681185,-0.18555022298918258
-1.42312072650678,1.1997543663678518,-0.24400101447758565,0.126965585571218,0.2638948200906675,-0.7221360367494402,-0.2567085842226356,0.2695085344465426,-0.18555022298918258
-1.42312072650678,1.1997543663678518,-0.24400101447758565,0.126965585571218,0.2638948200906675,0.14308836881130294,-1.0496743654906855,-0.2333075083681185,-0.18555022298918258
-1.42312072650678,1.1997543663678518,-0.24400101447758565,0.126965585571218,0.2638948200906675,0.14308836881130294,-1.5151108023219326,-0.2333075083681185,-0.18555022298918258
-1.42312072650678,1.1997543663678518,-0.24400101447758565,0.126965585571218,0.2638948200906675,-0.2895238339690686,-0.6014763152087441,1.2751406200758648,-0.18555022298918258
-1.42312072650678,1.1997543663678518,-0.24400101447758565,0.126965585571218,0.2638948200906675,1.0083127743720461,0.294919785355139,-0.2333075083681185,-0.18555022298918258
-1.42312072650678,1.1997543663678518,-0.24400101447758565,0.126965585571218,0.2638948200906675,1.0083127743720461,0.15701269296069537,-0.7361235511827796,-0.18555022298918258
-1.42312072650678,1.1997543663678518,-0.24400101447758565,0.126965585571218,0.2638948200906675,1.0083127743720461,-0.03260955908166472,-1.0154657971909247,-0.18555022298918258
-1.42312072650678,1.1997543663678518,-0.24400101447758565,0.126965585571218,0.2638948200906675,-0.2895238339690686,0.32939655845374977,0.49298233125305885,-0.18555022298918258
-1.42312072650678,1.1997543663678518,-0.24400101447758565,0.126965585571218,0.2638948200906675,-0.2895238339690686,0.32939655845374977,0.49298233125305885,-0.18555022298918258
-1.42312072650678,1.1997543663678518,-1.0578624627673399,0.2586870726755385,0.33642731450155444,0.5757005715916745,-0.5152843824622169,-0.2333075083681185,0.17391176814219078
-1.42312072650678,1.1997543663678518,-1.0578624627673399,0.2586870726755385,0.33642731450155444,0.5757005715916745,0.1397743064113897,-0.7361235511827796,0.17391176814219078
-1.42312072650678,1.1997543663678518,-0.24400101447758565,0.2586870726755385,0.33642731450155444,-1.5873604423101833,0.3811117181016662,-1.0154657971909247,0.17391176814219078
-1.42312072650678,1.1997543663678518,0.5698604338121686,0.2586870726755385,0.33642731450155444,0.5757005715916745,-0.08432471872958117,-1.0154657971909247,0.17391176814219078
-1.42312072650678,1.1997543663678518,-1.0578624627673399,0.2586870726755385,0.33642731450155444,-0.2895238339690686,-0.27394697077194063,-0.009833711561602487,0.17391176814219078
-1.42312072650678,1.1997543663678518,-0.24400101447758565,0.5660372092522865,-0.4432970004154691,1.0083127743720461,-0.6359530883073552,-0.5126497543762636,-0.8700908843611023
1.1767146643200939,1.1997543663678518,-1.0578624627673399,-0.5535954311344381,0.22762857288522656,-0.2895238339690686,-0.5152843824622169,-1.0154657971909247,0.012935311244227976
1.1767146643200939,1.1997543663678518,0.5698604338121686,-0.5535954311344381,0.22762857288522656,0.5757005715916745,0.3811117181016662,-0.7361235511827796,0.012935311244227976
1.1767146643200939,1.1997543663678518,0.5698604338121686,-0.5535954311344381,0.22762857288522656,0.5757005715916745,0.12253591986208462,-0.5126497543762636,0.012935311244227976
1.1767146643200939,1.1997543663678518,0.5698604338121686,0.7636194399087675,0.08256358406345257,-0.2895238339690686,-0.5152843824622169,0.772324577261204,0.3348882250401538
1.1767146643200939,1.1997543663678518,0.5698604338121686,0.7636194399087675,0.08256358406345257,-0.2895238339690686,-0.42909244971569,-0.2333075083681185,0.3348882250401538
-0.3831865701760305,1.1997543663678518,0.5698604338121686,-0.13647738863742295,0.10069670766617561,0.5757005715916745,-0.36013890351846783,0.49298233125305885,-0.25900549943776763
0.1367805079893443,1.1997543663678518,0.5698604338121686,-0.42187394403011763,0.06443046046073211,-0.2895238339690686,-0.8772904999976311,2.001430459697042,2.585432865167013
0.1367805079893443,1.1997543663678518,-0.24400101447758565,-0.42187394403011763,0.06443046046073211,1.0083127743720461,-0.8772904999976311,2.001430459697042,2.585432865167013
1.6966817424854688,-0.1735438050244273,-0.24400101447758565,-0.22429171337363674,0.22762857288522656,-0.7221360367494402,-0.8083369538004096,-0.009833711561602487,0.3552056419301877
0.1367805079893443,-1.0890759192859467,0.5698604338121686,-0.20233813218958338,0.24576169648794702,-0.2895238339690686,-1.4633956426740162,-1.741755636812102,1.4429688846581696
0.6567475861547191,-1.0890759192859467,-0.24400101447758565,1.0709695764855154,0.7534891573641482,0.14308836881130294,0.2432046257072226,-0.7361235511827796,1.7430415033417512
-1.42312072650678,1.1997543663678518,0.5698604338121686,-0.3560132004779572,-0.06250140475831883,0.5757005715916745,-1.4806340292233215,-0.009833711561602487,2.799547181623527
-0.3831865701760305,1.1997543663678518,0.5698604338121686,-0.13647738863742295,0.10069670766617561,0.5757005715916745,-0.6014763152087441,0.49298233125305885,-0.25900549943776763
-0.9031536483414053,-1.0890759192859467,1.3837218821019228,-0.18038455100553002,0.2638948200906675,1.4409249771524177,0.3811117181016662,-1.0154657971909247,1.502358257105962
-0.3831865701760305,-1.0890759192859467,-1.871723911057094,-0.13647738863742295,0.5540247977342129,-1.1547482395298116,0.5190188104961093,-1.0154657971909247,1.8790119086827488
0.6567475861547191,0.28422225210633245,0.5698604338121686,-0.22429171337363674,0.046297336858011656,0.5757005715916745,-1.7564482140122089,0.9957983740677198,-1.437415679059748
0.1367805079893443,-0.4024268335898072,0.5698604338121686,-1.9805782080979109,-13.045817904306904,-0.2895238339690686,-2.359791743237899,-1.741755636812102,-1.715608002630985
1.6966817424854688,-0.1735438050244273,-0.24400101447758565,0.6318979528044469,0.5540247977342129,0.14308836881130294,0.07082076021416817,1.7779566628905261,-0.1496040238760453
0.6567475861547191,-1.0890759192859467,1.3837218821019228,-0.4877346875822779,0.010031089652568161,1.4409249771524177,-0.46356922281430074,-0.7361235511827796,1.3007469664279308
1.6966817424854688,-1.0890759192859467,1.3837218821019228,1.9710664050317057,0.8260216517750352,1.4409249771524177,1.6050371631023521,-1.238939593997441,1.669586226893166
0.6567475861547191,-1.0890759192859467,1.3837218821019228,-0.597502593502545,0.17322920207706002,1.8735371799327891,0.27768139880583337,-0.7361235511827796,2.149389841142434
-0.3831865701760305,-1.0890759192859467,-0.24400101447758565,-0.29015245692579694,0.17322920207706002,1.4409249771524177,0.415588491200277,0.2695085344465426,2.5463609096092554
0.1367805079893443,-1.0890759192859467,-0.24400101447758565,-0.3121060381098505,0.17322920207706002,-1.1547482395298116,0.34663494500305486,-1.0154657971909247,1.1006985539722103
0.1367805079893443,1.1997543663678518,-0.24400101447758565,0.5221300468841799,-0.026235157552875334,-0.7221360367494402,0.294919785355139,0.772324577261204,-0.22149642210231987
0.6567475861547191,0.28422225210633245,0.5698604338121686,-0.22429171337363674,0.046297336858011656,0.14308836881130294,-1.256535004082351,0.772324577261204,-1.437415679059748
-1.42312072650678,-1.0890759192859467,-0.24400101447758565,0.6538515339885003,0.7534891573641482,0.5757005715916745,0.7603562221863858,-0.5126497543762636,1.8149339015680257
-1.42312072650678,-1.0890759192859467,-0.24400101447758565,0.6538515339885003,0.7534891573641482,1.0083127743720461,0.7603562221863858,-0.5126497543762636,1.8149339015680257
-0.9031536483414053,-0.631309862155187,-0.24400101447758565,-1.0804813795517203,-1.0779563265107213,1.0083127743720461,-1.963308852603874,1.2751406200758648,-1.5843262319569182
-1.42312072650678,1.1997543663678518,1.3837218821019228,-0.3999203628460641,0.08256358406345257,1.4409249771524177,0.3121581719044441,-0.7361235511827796,-0.3058918461070772
0.1367805079893443,1.1997543663678518,-1.0578624627673399,-0.42187394403011763,0.06443046046073211,-1.5873604423101833,0.5190188104961093,-0.009833711561602487,2.585432865167013
1.1767146643200939,0.28422225210633245,-0.24400101447758565,0.5221300468841799,0.4996254269260489,-1.1547482395298116,-0.6359530883073552,2.001430459697042,-1.4983679297298507
-0.9031536483414053,-0.631309862155187,0.5698604338121686,-1.4975994220487354,-1.1867550681270518,0.5757005715916745,-2.3425533566885934,-1.238939593997441,-1.660907264850124
0.1367805079893443,-0.631309862155187,0.5698604338121686,-1.212202866656041,-1.0235569557025572,-0.2895238339690686,-1.5151108023219326,-1.238939593997441,-1.5921406230684698
0.1367805079893443,1.1997543663678518,-1.0578624627673399,0.5221300468841799,-0.026235157552875334,-0.2895238339690686,0.26044301225652766,0.49298233125305885,-0.22149642210231987
0.1367805079893443,-1.0890759192859467,1.3837218821019228,-0.3121060381098505,0.17322920207706002,0.14308836881130294,0.9327400876794403,-0.2333075083681185,1.1006985539722103
-0.3831865701760305,-1.0890759192859467,-1.871723911057094,-0.13647738863742295,0.5540247977342129,-1.5873604423101833,1.208554272468327,-0.5126497543762636,1.8790119086827488
1.6966817424854688,0.05533922354095257,0.5698604338121686,1.0929231576695688,0.4814923033233259,1.8735371799327891,1.5705603900037415,0.2695085344465426,-0.9591749430327905
1.6966817424854688,0.05533922354095257,0.5698604338121686,1.0929231576695688,0.4814923033233259,1.8735371799327891,1.5705603900037415,0.2695085344465426,-0.9591749430327905
0.6567475861547191,1.1997543663678518,-0.24400101447758565,-0.15843096982147628,0.08256358406345257,-0.7221360367494402,0.6741642894398586,-0.009833711561602487,-0.354341070998697
-1.42312072650678,-1.0890759192859467,3.8253062269711857,0.6538515339885003,0.7534891573641482,1.8735371799327891,1.0534087935245782,-0.009833711561602487,1.8149339015680257
0.6567475861547191,-1.0890759192859467,1.3837218821019228,-0.4877346875822779,0.010031089652568161,1.4409249771524177,0.415588491200277,-0.2333075083681185,1.3007469664279308
1.6966817424854688,1.1997543663678518,-0.24400101447758565,-1.168295704287934,-0.497696371223633,-1.1547482395298116,0.5017804239468042,-1.0154657971909247,-0.40747893055724793
1.1767146643200939,-1.0890759192859467,-1.871723911057094,0.10501200438716465,0.7172229101587048,-1.1547482395298116,1.5533220034544357,-1.0154657971909247,1.5820650464437882
-0.3831865701760305,1.1997543663678518,0.5698604338121686,-1.1024349607357737,-0.6427613600454071,0.5757005715916745,-0.3256621304198571,0.49298233125305885,2.8198645985135613
-0.3831865701760305,-0.631309862155187,0.5698604338121686,-1.3439243537603613,-1.0779563265107213,-0.2895238339690686,-0.8083369538004096,-0.009833711561602487,-1.6046436488469522
-1.42312072650678,1.1997543663678518,-1.0578624627673399,-0.3560132004779572,-0.06250140475831883,-0.2895238339690686,0.17425107951000046,-0.5126497543762636,2.799547181623527
1.1767146643200939,-0.1735438050244273,-0.24400101447758565,0.6758051151725536,0.300161067296111,-1.5873604423101833,0.7775946087356909,0.772324577261204,-0.22931081321387148
-1.42312072650678,-0.631309862155187,-1.0578624627673399,-1.3878315161284682,-1.1867550681270518,0.5757005715916745,-0.7221450210538823,-0.7361235511827796,-1.6187095528477453
-1.42312072650678,-0.631309862155187,-0.24400101447758565,-1.2561100290241478,-1.0960894501134444,1.0083127743720461,-1.842640146758736,3.0070625453263644,-1.6827875599624682
-0.9031536483414053,-0.1735438050244273,-0.24400101447758565,0.17087274793932508,0.300161067296111,1.8735371799327891,0.6741642894398586,0.2695085344465426,-0.2933888203285947
-0.3831865701760305,-1.0890759192859467,0.5698604338121686,-0.13647738863742295,0.5540247977342129,1.0083127743720461,1.2947462052148542,-0.2333075083681185,1.8790119086827488
0.1367805079893443,-1.0890759192859467,-0.24400101447758565,0.23673349149148512,0.5358916741314899,0.14308836881130294,0.8982633145808294,-0.009833711561602487,1.9415270375751617
0.6567475861547191,-1.0890759192859467,1.3837218821019228,1.0709695764855154,0.7534891573641482,1.4409249771524177,1.4843684572572142,0.49298233125305885,1.7430415033417512
1.1767146643200939,-0.1735438050244273,-1.0578624627673399,-0.02670948271715582,0.37269356170699797,0.5757005715916745,1.277507818665549,-0.5126497543762636,0.831883499734835
1.6966817424854688,0.28422225210633245,0.5698604338121686,0.19282632912337844,0.4996254269260489,0.5757005715916745,-0.8772904999976311,0.9957983740677198,-1.4624217306167133
0.1367805079893443,-1.0890759192859467,-0.24400101447758565,-0.20233813218958338,0.24576169648794702,-1.1547482395298116,1.0361704069752724,0.772324577261204,1.4429688846581696
0.1367805079893443,-1.0890759192859467,0.5698604338121686,-0.3121060381098505,0.17322920207706002,-1.1547482395298116,1.0189320204259675,-0.009833711561602487,1.1006985539722103
1.6966817424854688,-1.0890759192859467,3.0114447786814313,-0.2681988757417436,0.19136232567978306,1.4409249771524177,1.2602694321162433,0.2695085344465426,1.2585492544255523
1.6966817424854688,-1.0890759192859467,-0.24400101447758565,1.9710664050317057,0.8260216517750352,-1.1547482395298116,2.0532352133842937,0.2695085344465426,1.669586226893166
0.1367805079893443,-0.1735438050244273,1.3837218821019228,-0.8389919865271326,-0.3163651351964181,1.4409249771524177,1.7946594151447124,-0.2333075083681185,2.3791329398220515
-0.3831865701760305,1.1997543663678518,-1.0578624627673399,-0.13647738863742295,0.10069670766617561,-1.5873604423101833,0.5879723566933314,-0.009833711561602487,-0.25900549943776763
-0.3831865701760305,-1.0890759192859467,1.3837218821019228,-0.13647738863742295,0.5540247977342129,1.4409249771524177,1.3809381379613814,-0.2333075083681185,1.8790119086827488
0.6567475861547191,-1.0890759192859467,-1.871723911057094,-0.597502593502545,0.17322920207706002,-1.1547482395298116,0.26044301225652766,-1.0154657971909247,2.149389841142434
0.6567475861547191,-1.0890759192859467,1.3837218821019228,-0.597502593502545,0.17322920207706002,1.4409249771524177,0.26044301225652766,-1.0154657971909247,2.149389841142434
-0.9031536483414053,-1.0890759192859467,-0.24400101447758565,-0.18038455100553002,0.2638948200906675,-1.1547482395298116,1.5533220034544357,-1.0154657971909247,1.502358257105962
0.6567475861547191,-1.0890759192859467,-1.0578624627673399,1.0709695764855154,0.7534891573641482,-1.5873604423101833,1.2602694321162433,0.9957983740677198,1.7430415033417512
0.1367805079893443,-1.0890759192859467,-0.24400101447758565,-0.3121060381098505,0.17322920207706002,-0.7221360367494402,0.9844552473273567,-0.009833711561602487,1.1006985539722103
0.6567475861547191,1.1997543663678518,-0.24400101447758565,-0.4877346875822779,-0.17130014637464674,1.0083127743720461,0.08805914676347325,-0.2333075083681185,2.7557865913988375
-0.3831865701760305,-1.0890759192859467,-1.0578624627673399,0.126965585571218,0.2638948200906675,-1.5873604423101833,0.7603562221863858,-0.009833711561602487,1.0491235726359696
0.6567475861547191,-1.0890759192859467,1.3837218821019228,1.0709695764855154,0.7534891573641482,1.4409249771524177,0.8637865414822181,1.4986144168823812,1.7430415033417512
0.1367805079893443,-1.0890759192859467,-0.24400101447758565,0.23673349149148512,0.5358916741314899,-1.1547482395298116,0.34663494500305486,0.49298233125305885,1.9415270375751617
-1.42312072650678,-1.0890759192859467,-0.24400101447758565,-0.7731312429749724,-0.008102033950154875,-1.5873604423101833,0.5707339701440257,-0.2333075083681185,2.4838457807168424
-0.3831865701760305,-0.1735438050244273,0.5698604338121686,-0.751177661790919,0.02816421325528862,-1.1547482395298116,0.846548154932913,-1.238939593997441,-0.40904180877955815
-0.9031536483414053,-1.0890759192859467,1.3837218821019228,-0.18038455100553002,0.2638948200906675,1.4409249771524177,1.3636997514120763,-1.518281840005586,1.502358257105962
-0.3831865701760305,-1.0890759192859467,1.3837218821019228,0.14891916675527134,-0.2256995171828107,1.4409249771524177,-0.8083369538004096,-0.7361235511827796,2.2306595087025705
-0.3831865701760305,-1.0890759192859467,0.5698604338121686,-0.13647738863742295,0.5540247977342129,-1.1547482395298116,0.8120713818343023,-0.009833711561602487,1.8790119086827488
-1.42312072650678,1.1997543663678518,-1.0578624627673399,-0.3999203628460641,0.08256358406345257,-1.5873604423101833,0.03634398711555741,-1.0154657971909247,-0.3058918461070772
-1.42312072650678,1.1997543663678518,-0.24400101447758565,-0.3560132004779572,-0.06250140475831883,0.14308836881130294,-0.46356922281430074,-0.2333075083681185,2.799547181623527
-0.9031536483414053,-1.0890759192859467,1.3837218821019228,-0.18038455100553002,0.2638948200906675,1.4409249771524177,1.1396007262711054,-1.238939593997441,1.502358257105962
-0.9031536483414053,-1.3179589478513267,0.5698604338121686,-1.168295704287934,-0.497696371223633,0.5757005715916745,-1.377203709927489,-0.5126497543762636,-1.343642985721129
-1.42312072650678,-0.1735438050244273,-1.871723911057094,1.707623430823065,0.010031089652568161,-1.5873604423101833,-0.7049066345045767,2.2249042565035584,-0.4684311812273502
-1.42312072650678,1.1997543663678518,0.5698604338121686,-0.3560132004779572,-0.06250140475831883,-1.1547482395298116,-0.46356922281430074,-0.2333075083681185,2.799547181623527
0.1367805079893443,-1.0890759192859467,0.5698604338121686,0.3684549785958056,0.6084241685423768,0.14308836881130294,-0.27394697077194063,0.2695085344465426,-0.9841809945897556
0.1367805079893443,-1.0890759192859467,0.5698604338121686,-0.20233813218958338,0.24576169648794702,0.5757005715916745,0.03634398711555741,-1.0154657971909247,1.4429688846581696
1.6966817424854688,0.28422225210633245,-0.24400101447758565,0.19282632912337844,0.4996254269260489,-0.7221360367494402,-1.7219714409135978,2.2249042565035584,-1.4624217306167133
1.6966817424854688,1.1997543663678518,-0.24400101447758565,0.23673349149148512,-0.17130014637464674,1.0083127743720461,-1.4461572561247107,-0.009833711561602487,2.7198403922857
0.1367805079893443,-1.0890759192859467,-0.24400101447758565,-0.3121060381098505,0.17322920207706002,1.0083127743720461,0.07082076021416817,0.49298233125305885,1.1006985539722103
1.6966817424854688,-1.0890759192859467,0.5698604338121686,1.9710664050317057,0.8260216517750352,-0.2895238339690686,0.7775946087356909,0.772324577261204,1.669586226893166
-1.42312072650678,-1.0890759192859467,-0.24400101447758565,1.5978555249027977,-0.026235157552875334,-1.5873604423101833,-1.22205823098374,0.49298233125305885,1.3429446784303096
-0.9031536483414053,-1.0890759192859467,-0.24400101447758565,-0.3340596192939039,0.15509607847433957,1.0083127743720461,-0.20499342457471914,-0.009833711561602487,1.9899762624667814
0.6567475861547191,-1.0890759192859467,0.5698604338121686,-0.751177661790919,-0.2256995171828107,-0.2895238339690686,-0.2567085842226356,-0.5126497543762636,2.427582164713671
0.6567475861547191,-1.0890759192859467,-0.24400101447758565,-0.597502593502545,0.17322920207706002,-0.7221360367494402,-0.36013890351846783,-0.5126497543762636,2.149389841142434
-0.9031536483414053,-0.1735438050244273,-0.24400101447758565,1.685669849639011,0.7172229101587048,-0.7221360367494402,-0.17051665147610837,-0.7361235511827796,0.767805492620112
0.6567475861547191,-1.0890759192859467,-0.24400101447758565,-0.597502593502545,0.17322920207706002,-1.1547482395298116,-0.39461567661707864,-0.7361235511827796,2.149389841142434
1.6966817424854688,-1.0890759192859467,-0.24400101447758565,-0.2681988757417436,0.19136232567978306,-1.5873604423101833,0.17425107951000046,-0.009833711561602487,1.2585492544255523
-0.3831865701760305,-1.0890759192859467,1.3837218821019228,-0.13647738863742295,0.5540247977342129,1.4409249771524177,0.0018672140169460397,0.49298233125305885,1.8790119086827488
-0.3831865701760305,-1.0890759192859467,-0.24400101447758565,-0.29015245692579694,0.17322920207706002,1.0083127743720461,-0.5842379286594387,2.2249042565035584,2.5463609096092554
-0.3831865701760305,-1.0890759192859467,0.5698604338121686,-0.13647738863742295,0.5540247977342129,-1.1547482395298116,0.0018672140169460397,0.49298233125305885,1.8790119086827488
-0.3831865701760305,-1.0890759192859467,1.3837218821019228,-0.13647738863742295,0.5540247977342129,1.4409249771524177,0.0018672140169460397,0.49298233125305885,1.8790119086827488
0.1367805079893443,1.1997543663678518,-0.24400101447758565,-0.42187394403011763,0.06443046046073211,-1.5873604423101833,-0.7566217941524931,2.001430459697042,2.585432865167013
1.1767146643200939,-0.631309862155187,0.5698604338121686,-1.5634601656008955,-2.818736192371986,0.5757005715916745,-2.463222062533732,1.2751406200758648,-1.6640330212947443
1.1767146643200939,-0.631309862155187,-0.24400101447758565,-1.5634601656008955,-2.818736192371986,0.5757005715916745,-2.3770301297872045,0.772324577261204,-1.6640330212947443
-0.3831865701760305,-0.631309862155187,-1.871723911057094,-1.5854137467849492,-2.0208787538522395,-1.1547482395298116,-2.463222062533732,-1.741755636812102,-1.6765360470732271
-0.9031536483414053,0.28422225210633245,0.5698604338121686,-0.42187394403011763,-0.624628236442684,0.5757005715916745,-1.4978724157726273,0.9957983740677198,-1.4968050515075404
1.6966817424854688,0.28422225210633245,-0.24400101447758565,-0.37796678166201075,-0.08063452836103929,-0.7221360367494402,-1.3254885502795728,0.772324577261204,-1.4436671919489894
0.6567475861547191,0.28422225210633245,0.5698604338121686,-0.1145238074533696,0.11882983126889607,0.5757005715916745,-0.9634824327441583,-0.2333075083681185,-1.4108467492804728
0.1367805079893443,-1.3179589478513267,-1.0578624627673399,0.7197122775406607,0.06443046046073211,0.5757005715916745,-0.8945288865469367,3.0070625453263644,-1.504619442619092
0.1367805079893443,-1.3179589478513267,-0.24400101447758565,0.7197122775406607,0.06443046046073211,0.14308836881130294,-0.2222318111240242,0.9957983740677198,-1.504619442619092
-1.42312072650678,0.5131052806717123,-1.0578624627673399,-0.7292240806068655,-0.18943326997736978,-0.2895238339690686,-0.1532782649268027,-0.009833711561602487,-1.3358285946095774
-0.9031536483414053,0.05533922354095257,-1.0578624627673399,-0.9487598924473997,-0.4432970004154691,1.4409249771524177,-0.7910985672511038,-0.009833711561602487,-0.22931081321387148
-0.3831865701760305,0.05533922354095257,-0.24400101447758565,0.08305842320311131,-0.026235157552875334,1.8735371799327891,0.967216860778051,-0.5126497543762636,-0.7778810692447935
0.6567475861547191,0.05533922354095257,-1.0578624627673399,0.39040855977985933,0.4270929325151619,-0.2895238339690686,1.2947462052148542,-0.7361235511827796,-0.11053206831828732
0.6567475861547191,0.05533922354095257,0.5698604338121686,1.9710664050317057,0.5540247977342129,-1.1547482395298116,0.656925902890553,3.0070625453263644,0.16922313347525988
0.6567475861547191,-0.1735438050244273,-1.0578624627673399,0.19282632912337844,0.5177585505287694,-0.2895238339690686,1.4326532976092978,-1.518281840005586,-0.39966453944569635
0.1367805079893443,-0.1735438050244273,-1.0578624627673399,1.2465982259579427,0.5540247977342129,-0.2895238339690686,1.2430310455669382,-0.009833711561602487,-0.1496040238760453
0.1367805079893443,-0.1735438050244273,-0.24400101447758565,1.2465982259579427,0.5540247977342129,1.0083127743720461,-0.11880149182819193,0.2695085344465426,-0.1496040238760453
-0.9031536483414053,-0.1735438050244273,-0.24400101447758565,-0.5755490123184914,-0.2619657643882542,1.0083127743720461,0.6396875163412479,0.49298233125305885,-0.10896919009597687
0.6567475861547191,-0.1735438050244273,3.8253062269711857,0.10501200438716465,0.4633591797206054,1.8735371799327891,1.949804894088461,0.2695085344465426,0.055133023246606634
0.6567475861547191,-0.1735438050244273,-1.0578624627673399,0.10501200438716465,0.4633591797206054,-0.2895238339690686,1.949804894088461,0.49298233125305885,0.055133023246606634
0.1367805079893443,-1.0890759192859467,-0.24400101447758565,1.114876738853622,0.7716222809668712,-0.7221360367494402,0.7775946087356909,0.9957983740677198,0.30363066059394744
0.1367805079893443,-1.0890759192859467,1.3837218821019228,1.114876738853622,0.7716222809668712,1.4409249771524177,2.087711986482905,0.772324577261204,0.30363066059394744
0.1367805079893443,-1.0890759192859467,0.5698604338121686,1.114876738853622,0.7716222809668712,-1.1547482395298116,2.449718104018319,-0.009833711561602487,0.30363066059394744
-0.9031536483414053,-1.0890759192859467,-0.24400101447758565,2.695534584105469,0.7897554045695917,-1.1547482395298116,2.018758440285683,-0.2333075083681185,0.38490032815408387
1.1767146643200939,-1.0890759192859467,-0.24400101447758565,1.9052056614795454,0.8078885281723122,0.14308836881130294,0.8982633145808294,1.2751406200758648,0.47554726504808253
1.1767146643200939,-1.0890759192859467,-0.24400101447758565,1.9052056614795454,0.8078885281723122,0.14308836881130294,1.2947462052148542,-0.2333075083681185,0.47554726504808253
1.1767146643200939,-1.0890759192859467,-0.24400101447758565,1.9052056614795454,0.8078885281723122,-0.2895238339690686,0.08805914676347325,2.001430459697042,0.47554726504808253
1.6966817424854688,-1.0890759192859467,-0.24400101447758565,1.9052056614795454,0.8078885281723122,-0.2895238339690686,0.294919785355139,-1.518281840005586,0.47554726504808253
1.6966817424854688,-1.0890759192859467,-0.24400101447758565,1.9052056614795454,0.8078885281723122,-0.2895238339690686,1.6912290958488794,-0.009833711561602487,0.47554726504808253
0.6567475861547191,-1.0890759192859467,-0.24400101447758565,1.0490159953014622,0.9348203933913631,-0.2895238339690686,2.3290493981731806,0.2695085344465426,0.6427752348352865
-1.42312072650678,-1.0890759192859467,-1.0578624627673399,0.5001764657001264,0.9529535169940861,-1.5873604423101833,2.3290493981731806,-1.0154657971909247,0.7365479281739057
-1.42312072650678,-1.0890759192859467,-1.0578624627673399,0.5001764657001264,0.9529535169940861,-1.5873604423101833,1.4843684572572142,0.2695085344465426,0.7365479281739057
-0.3831865701760305,-1.0890759192859467,1.3837218821019228,1.0929231576695688,0.9710866405968066,0.5757005715916745,2.0532352133842937,0.49298233125305885,0.8303206215125248
-0.9031536483414053,-1.0890759192859467,1.3837218821019228,1.707623430823065,1.0073528878022502,0.5757005715916745,0.8637865414822181,-1.0154657971909247,1.0100516170782115
-0.9031536483414053,-1.0890759192859467,0.5698604338121686,1.707623430823065,1.0073528878022502,-0.2895238339690686,2.363526171271792,-0.5126497543762636,1.0100516170782115
1.1767146643200939,-1.0890759192859467,-0.24400101447758565,1.1587839012217291,0.9892197641995271,-0.7221360367494402,2.311811011623875,-1.0154657971909247,1.0975727975275893
1.1767146643200939,-1.0890759192859467,0.5698604338121686,1.1587839012217291,0.9892197641995271,0.5757005715916745,2.4841948771169293,-0.7361235511827796,1.0975727975275893
1.1767146643200939,-1.0890759192859467,0.5698604338121686,1.1587839012217291,0.9892197641995271,1.0083127743720461,1.4498916841586034,0.49298233125305885,1.0975727975275893
1.1767146643200939,-1.0890759192859467,1.3837218821019228,1.1587839012217291,0.9892197641995271,1.4409249771524177,0.4673036508481934,0.49298233125305885,1.0975727975275893
1.1767146643200939,-1.0890759192859467,0.5698604338121686,1.1587839012217291,0.9892197641995271,1.0083127743720461,0.4673036508481934,0.49298233125305885,1.0975727975275893
1.1767146643200939,-1.0890759192859467,-0.24400101447758565,1.1587839012217291,0.9892197641995271,-0.2895238339690686,0.3121581719044441,0.49298233125305885,1.0975727975275893
1.6966817424854688,-1.0890759192859467,-0.24400101447758565,2.4101380287127743,0.6990897865559843,-1.1547482395298116,1.7774210285954066,0.49298233125305885,0.4458525788241864
1.6966817424854688,-1.0890759192859467,-1.0578624627673399,2.4101380287127743,0.6990897865559843,-0.2895238339690686,1.7257058689474902,0.49298233125305885,0.4458525788241864
0.6567475861547191,-1.0890759192859467,-1.871723911057094,0.23673349149148512,0.06443046046073211,-1.5873604423101833,1.3464613648627706,-1.238939593997441,0.8178175957340421
-1.42312072650678,-1.0890759192859467,-1.871723911057094,-0.42187394403011763,0.06443046046073211,-1.5873604423101833,-0.06708633218027547,2.504246502511703,0.8756440899595241
-1.42312072650678,-1.0890759192859467,-0.24400101447758565,-0.42187394403011763,0.06443046046073211,-1.1547482395298116,1.208554272468327,-0.2333075083681185,0.8756440899595241
-1.42312072650678,-1.0890759192859467,-1.871723911057094,-0.42187394403011763,0.06443046046073211,-1.5873604423101833,1.208554272468327,-0.2333075083681185,0.8756440899595241
-1.42312072650678,-1.0890759192859467,-0.24400101447758565,-0.42187394403011763,0.06443046046073211,0.14308836881130294,0.3811117181016662,2.001430459697042,0.8756440899595241
-1.42312072650678,-1.0890759192859467,0.5698604338121686,-0.42187394403011763,0.06443046046073211,0.5757005715916745,-0.11880149182819193,0.772324577261204,0.8756440899595241
0.1367805079893443,-1.0890759192859467,1.3837218821019228,-1.5634601656008955,-1.640083158195089,1.4409249771524177,1.5360836169051306,-0.7361235511827796,-0.8466477110264475
0.1367805079893443,-1.0890759192859467,-1.0578624627673399,-1.5634601656008955,-1.640083158195089,-0.2895238339690686,1.5360836169051306,-0.7361235511827796,-0.8466477110264475
0.1367805079893443,-1.0890759192859467,-0.24400101447758565,-1.5634601656008955,-1.640083158195089,-1.1547482395298116,0.5190188104961093,0.9957983740677198,-0.8466477110264475
0.1367805079893443,-1.0890759192859467,-0.24400101447758565,-1.5634601656008955,-1.640083158195089,1.0083127743720461,0.3983501046509713,1.4986144168823812,-0.8466477110264475
-0.3831865701760305,-1.0890759192859467,-0.24400101447758565,0.5001764657001264,0.6809566629532638,-1.5873604423101833,1.1568391128204112,-0.009833711561602487,0.5490025414966674
1.1767146643200939,0.7419883092370921,-1.0578624627673399,-1.7390888150733232,-2.0208787538522395,0.5757005715916745,-1.22205823098374,0.2695085344465426,-1.685913316407089
